molecular_profile	molecular_profile_id	disease	doid	phenotypes	therapies	assertion_type	assertion_direction	significance	acmg_codes	amp_category	clingen_codes	nccn_guideline	nccn_guideline_version	regulatory_approval	fda_companion_test	assertion_summary	assertion_description	assertion_id	evidence_item_ids	last_review_date	assertion_civic_url	evidence_items_civic_url	molecular_profile_civic_url	is_flagged
ERBB2 Amplification	302	HER2 Positive Breast Cancer	0060079		Trastuzumab	Predictive	Supports	Sensitivity/Response		Tier I - Level A		Breast Cancer	3.2017	true	true	HER2 amplification predicts sensitivity to Trastuzumab	HER2 amplification defines a clinically relevant subtype of breast cancer. HER2 amplification predicts sensitivity to various targeted therapies including the monoclonal antibody Trastuzumab. The use of Trastuzumab, often in combination with chemotherapy and/or endocrine therapy (depending on hormone receptor status), is now standard of care for HER2-positive breast cancer patients.	2	528,1122,529	2023-02-06 15:12:25 UTC	https://civicdb.org/links/assertions/2	https://civicdb.org/links/evidence_items/528,https://civicdb.org/links/evidence_items/1122,https://civicdb.org/links/evidence_items/529	https://civicdb.org/links/molecular_profiles/302	false
v::ALK Fusion	495	Lung Non-small Cell Carcinoma	3908		Crizotinib	Predictive	Supports	Sensitivity/Response		Tier I - Level A		Non-Small Cell Lung Cancer	9.2017	true	true	Lung adenocarcinoma positive for ALK-FUSIONS have been found to be sensitive to crizotinib treatment	ALK-FUSIONS induce an active form of the receptor tyrosine kinase ALK. ALK-FUSIONS are found in 3-5% of non-small cell lung cancer and act as a targetable driver mutation. the ALK inhibitor crizotinib was found to be effective in lung cancer patients with ALK fusions and was granted accelerated FDA approval in 2011. The Vysis break-apart FISH assay is an FDA approved test for the presence of ALK fusion. Crizotinib has been approved as a first-line NSCLC treatment in the presence of ALK fusions but subsequently, alectinib has become the preferred first-line therapy (refer to civic.aid:34 for further details).	3	1419,1189,4858,1198,1356,1199,1245,1200,262,1196,1190,1201,1197,1193,1207,1187,1577,1691	2023-02-03 22:17:05 UTC	https://civicdb.org/links/assertions/3	https://civicdb.org/links/evidence_items/1419,https://civicdb.org/links/evidence_items/1189,https://civicdb.org/links/evidence_items/4858,https://civicdb.org/links/evidence_items/1198,https://civicdb.org/links/evidence_items/1356,https://civicdb.org/links/evidence_items/1199,https://civicdb.org/links/evidence_items/1245,https://civicdb.org/links/evidence_items/1200,https://civicdb.org/links/evidence_items/262,https://civicdb.org/links/evidence_items/1196,https://civicdb.org/links/evidence_items/1190,https://civicdb.org/links/evidence_items/1201,https://civicdb.org/links/evidence_items/1197,https://civicdb.org/links/evidence_items/1193,https://civicdb.org/links/evidence_items/1207,https://civicdb.org/links/evidence_items/1187,https://civicdb.org/links/evidence_items/1577,https://civicdb.org/links/evidence_items/1691	https://civicdb.org/links/molecular_profiles/495	false
VHL R167Q (c.500G>A)	1615	Von Hippel-Lindau Disease	14175	Cerebellar hemangioblastoma,Renal cell carcinoma,Pheochromocytoma,Retinal capillary hemangioma		Predisposing	Supports	Pathogenic	PS4,PM1,PM2,PP1,PP4							R167Q (c.500G>A) is a pathogenic variant for Von Hippel-Lindau	R167Q is the most common mutation associated with Von Hippel-Lindau syndrome. This variant is very rare in the general population at 4.061e-6 in the gnomAD exomes (v2.0.2) proving ACMG code PM2. The variant occurs within the functional domain, disrupting VHL binding to elongin C (ACMG code PM1). Additional codes are provided by the following EIDs. 4913 (PS4), 5062 (PP4), 5264 (PS4), 5354 (PP4), 5487 and 4913 (PP1).	4	5485,4913,5487,5546,5062,5264,5354	2026-03-09 16:19:10 UTC	https://civicdb.org/links/assertions/4	https://civicdb.org/links/evidence_items/5485,https://civicdb.org/links/evidence_items/4913,https://civicdb.org/links/evidence_items/5487,https://civicdb.org/links/evidence_items/5546,https://civicdb.org/links/evidence_items/5062,https://civicdb.org/links/evidence_items/5264,https://civicdb.org/links/evidence_items/5354	https://civicdb.org/links/molecular_profiles/1615	false
EGFR L858R	33	Lung Non-small Cell Carcinoma	3908		Erlotinib	Predictive	Supports	Sensitivity/Response		Tier I - Level A		Non-Small Cell Lung Cancer	3.2018	true	true	Non-small cell lung cancer with EGFR L858R mutation is sensitive to erlotininib.	L858R is among the most common sensitizing EGFR mutations in NSCLC, and is assessed via DNA mutational analysis including Sanger sequencing and next generation sequencing methods. Tyrosine kinase inhibitor erlotinib is associated with improved progression free survival over chemotherapy in EGFR L858R patients (civic.EID:885).	5	4291,2994,3811,4285,229,4290,885,4265	2024-02-16 16:45:32 UTC	https://civicdb.org/links/assertions/5	https://civicdb.org/links/evidence_items/4291,https://civicdb.org/links/evidence_items/2994,https://civicdb.org/links/evidence_items/3811,https://civicdb.org/links/evidence_items/4285,https://civicdb.org/links/evidence_items/229,https://civicdb.org/links/evidence_items/4290,https://civicdb.org/links/evidence_items/885,https://civicdb.org/links/evidence_items/4265	https://civicdb.org/links/molecular_profiles/33	false
EGFR L858R	33	Lung Non-small Cell Carcinoma	3908		Afatinib	Predictive	Supports	Sensitivity/Response		Tier I - Level A		Non-Small Cell Lung Cancer	3.2018	true	true	EGFR L858R positive NSCLC is sensitive to afatinib.	L858R is among the most common sensitizing EGFR mutations in NSCLC, and is assessed via DNA mutational analysis, including Sanger sequencing and next generation sequencing methods. Tyrosine kinase inhibitor afatinib is FDA approved as a first line systemic therapy in NSCLC with sensitizing EGFR mutation (civic.EID:2997).	6	2629,883,879,2997,982,968	2024-02-16 16:49:06 UTC	https://civicdb.org/links/assertions/6	https://civicdb.org/links/evidence_items/2629,https://civicdb.org/links/evidence_items/883,https://civicdb.org/links/evidence_items/879,https://civicdb.org/links/evidence_items/2997,https://civicdb.org/links/evidence_items/982,https://civicdb.org/links/evidence_items/968	https://civicdb.org/links/molecular_profiles/33	false
BRAF V600E	12	Melanoma	1909		Dabrafenib,Trametinib	Predictive	Supports	Sensitivity/Response		Tier I - Level A		Melanoma	2.2018	true	true	BRAF V600E mutant melanoma is sensitive to dabrafenib and trametinib combination therapy	Combination treatment of BRAF inhibitor dabrafenib and MEK inhibitor trametinib is recommended for adjuvant treatment of stage III or recurrent melanoma with BRAF V600E mutation detected by the approved THxID kit, as well as first line treatment for metastatic melanoma. The treatments are FDA approved based on studies including the Phase III COMBI-V, COMBI-D and COMBI-AD Trials. Combination therapy is now recommended above BRAF inhibitor monotherapy. Cutaneous squamous-cell carcinoma and keratoacanthoma occur at lower rates with combination therapy than with BRAF inhibitor alone.	7	6938,6178,6940,3758	2023-02-06 16:53:08 UTC	https://civicdb.org/links/assertions/7	https://civicdb.org/links/evidence_items/6938,https://civicdb.org/links/evidence_items/6178,https://civicdb.org/links/evidence_items/6940,https://civicdb.org/links/evidence_items/3758	https://civicdb.org/links/molecular_profiles/12	false
v::NTRK1 Fusion	415	Solid Tumor			Larotrectinib	Predictive	Supports	Sensitivity/Response		Tier I - Level A				true	true	NTRK1 Fusions predict sensitivity to Larotrectinib in solid tumors	NTRK1 Fusions predict sensitivity to Larotrectinib across cancer types (solid tumors) and patient ages. Objective response rates have been reported as high as 75% in adults and over 90% in children. NTRK1 forms fusions with multiple partner genes. Larotrectinib is FDA approved for the treatment of adult and pediatric patients with solid tumors characterized by an NTRK gene fusion and without an acquired resistance mutation. Eligible patients have metastatic disease, have progressed on the treatment they’re receiving, are without other treatment options, and are not candidates for surgical resection of their tumor.	8	1019,6567,2955,2953,6569,978	2023-01-09 21:47:55 UTC	https://civicdb.org/links/assertions/8	https://civicdb.org/links/evidence_items/1019,https://civicdb.org/links/evidence_items/6567,https://civicdb.org/links/evidence_items/2955,https://civicdb.org/links/evidence_items/2953,https://civicdb.org/links/evidence_items/6569,https://civicdb.org/links/evidence_items/978	https://civicdb.org/links/molecular_profiles/415	false
ACVR1 G328V	1594	Diffuse Midline Glioma, H3 K27-altered	0080684			Diagnostic	Supports	Positive		Tier II - Level C						Supports diagnosis of diffuse intrinsic pontine glioma.	ACVR1 G328V mutations occur within the kinase domain, leading to activation of downstream signaling. Exclusively seen in high-grade pediatric gliomas, supporting diagnosis of diffuse intrinsic pontine glioma.	9	4846,6955	2026-03-09 16:19:10 UTC	https://civicdb.org/links/assertions/9	https://civicdb.org/links/evidence_items/4846,https://civicdb.org/links/evidence_items/6955	https://civicdb.org/links/molecular_profiles/1594	false
BRAF V600E	12	Melanoma	1909		Cobimetinib,Vemurafenib	Predictive	Supports	Sensitivity/Response		Tier I - Level A		Melanoma	2.2018	true	true	BRAF V600E mutant melanoma is sensitive to vemurafenib and cobimetinib combination therapy	Vemurafenib and cobimetinib combination is an FDA approved first line treatment for BRAF V600E mutant metastatic melanoma based on clinical data including the Phase III coBRIM trial. The cobas 4800 BRAF V600 Mutation Test is approved as an FDA companion test for Cotellic (cobimetinib) in combination with Zelboraf (vemurafenib).	10	6966,6044,1421	2023-02-06 15:30:09 UTC	https://civicdb.org/links/assertions/10	https://civicdb.org/links/evidence_items/6966,https://civicdb.org/links/evidence_items/6044,https://civicdb.org/links/evidence_items/1421	https://civicdb.org/links/molecular_profiles/12	false
BRAF V600K	559	Melanoma	1909		Vemurafenib,Cobimetinib	Predictive	Supports	Sensitivity/Response		Tier I - Level A		Melanoma	2.2018	true	true	BRAF V600K mutant melanoma is sensitive to vemurafenib and cobimetinib combination therapy	Vemurafenib and cobimentinb is an FDA approved first line treatment for BRAF V600K mutant metastatic melanoma based on clinical data including the Phase III coBRIM trial. The cobas 4800 BRAF V600 Mutation Test is approved as an FDA companion test for Cotellic (cobimetinib) in combination with Zelboraf (vemurafenib).	11	6966,6965,6044	2023-02-06 15:33:52 UTC	https://civicdb.org/links/assertions/11	https://civicdb.org/links/evidence_items/6966,https://civicdb.org/links/evidence_items/6965,https://civicdb.org/links/evidence_items/6044	https://civicdb.org/links/molecular_profiles/559	false
BRAF V600K	559	Melanoma	1909		Dabrafenib,Trametinib	Predictive	Supports	Sensitivity/Response		Tier I - Level A		Melanoma	2.2018	true	true	BRAF V600K mutant melanoma is sensitive to dabrafenib and trametinib combination therapy	Combination treatment of BRAF inhibitor dabrafenib and MEK inhibitor trametinib is recommended for adjuvant treatment of stage III or recurrent melanoma with the less common BRAF V600K mutation detected by the approved THxID kit, as well as first line treatment for metastatic melanoma. This treatment combination was FDA approved based on the (COMBI-v) trial, where 68 V600K metastatic melanoma patients had either a 65 percent response rate to dabrafenib and trametinib combination therapy, or a 44 percent with vemurafenib alone (civic.EID:4181), as well as the COMBI-D (civic.EID:6939), and COMBI-AD (civic.EID:6179) Trials, which also showed superiority of combination therapy.	13	4181,6939,6179,6941	2026-04-22 13:04:44 UTC	https://civicdb.org/links/assertions/13	https://civicdb.org/links/evidence_items/4181,https://civicdb.org/links/evidence_items/6939,https://civicdb.org/links/evidence_items/6179,https://civicdb.org/links/evidence_items/6941	https://civicdb.org/links/molecular_profiles/559	false
VHL E70K (c.208G>A)	1832	Von Hippel-Lindau Disease	14175			Predisposing	Supports	Likely Pathogenic	PM1,PM2,PP1,PP4							VHL E70K (c.208G>A) is Likely Pathogenic	E70K missense variant occurs at a very low allele frequency in the general population (0.00001489 allele frequency in ExAC, 4.365e-6 allele frequency in gnomAD) and was previously identified in several unrelated individuals with VHL disease symptoms (see evidence statements). PM1 (6860); PM2 (per above); PP1 (5805); PP4 (5805;6742).	14	6860,5780,5273,5805,6503,6742	2026-03-09 16:19:10 UTC	https://civicdb.org/links/assertions/14	https://civicdb.org/links/evidence_items/6860,https://civicdb.org/links/evidence_items/5780,https://civicdb.org/links/evidence_items/5273,https://civicdb.org/links/evidence_items/5805,https://civicdb.org/links/evidence_items/6503,https://civicdb.org/links/evidence_items/6742	https://civicdb.org/links/molecular_profiles/1832	false
PML::RARA Fusion	108	Acute Promyelocytic Leukemia	0060318		Tretinoin	Predictive	Supports	Sensitivity/Response		Tier I - Level A		Acute Myeloid Leukemia	3.2018	false	false	Patients with PML-RARA fusions have improved outcomes following ATRA treatment.	The most recent WHO classification of myeloid neoplasms and acute leukemia changed the definition of APL from the cytogenetic criteria of t(15;17) to the molecular definition of “APL with PML-RARA” to be inclusive of complex or cryptic rearrangements that lead to a functional transcription factor. The incorporation of all-trans retinoic acid (ATRA) and the use of risk stratification (based on WBC counts) in the management of APL has largely improved outcomes for patients with this subtype.	15	1519,1091	2023-02-06 15:32:24 UTC	https://civicdb.org/links/assertions/15	https://civicdb.org/links/evidence_items/1519,https://civicdb.org/links/evidence_items/1091	https://civicdb.org/links/molecular_profiles/108	false
KMT2A::MLLT3 Fusion	428	Acute Myeloid Leukemia	9119			Prognostic	Supports	Better Outcome		Tier II - Level C						Adult Patients With De Novo Acute Myeloid Leukemia and t(9; 11)(p22; q23) Have a Superior Outcome to Patients With Other Translocations Involving Band 11q23: A Cancer and Leukemia Group B Study (PMID:9373264)	AML with t(9;11)(p21.3;q23.3) has an intermediate survival, superior to that of AML with other 11q23.3 translocations (PMID:9373264) (WHO 2016)	16		2026-03-09 16:19:10 UTC	https://civicdb.org/links/assertions/16		https://civicdb.org/links/molecular_profiles/428	false
VHL F76del (c.227_229del)	1964	Von Hippel-Lindau Disease	14175			Predisposing	Supports	Pathogenic	PS2,PM2,PM4,PP1							The inframe variant, F76del, is pathogenic for Von Hippel-Lindau Disease.	EID5682 shows a large family with the variant cosegregating with affected individuals (PP1). However, confirmed de novo mutations are also described EID5340 (PS2). Both are supported by several other reports with familial and sporadic VHL and this variant. This inframe deletion is not in a repetitive region (PM4) and absent from gnomAD v2.1 (PM2).	17	5682,5203,5426,5766,5750,5641,6862,5744,5386,5749,5340,6121,6557	2026-03-09 16:19:10 UTC	https://civicdb.org/links/assertions/17	https://civicdb.org/links/evidence_items/5682,https://civicdb.org/links/evidence_items/5203,https://civicdb.org/links/evidence_items/5426,https://civicdb.org/links/evidence_items/5766,https://civicdb.org/links/evidence_items/5750,https://civicdb.org/links/evidence_items/5641,https://civicdb.org/links/evidence_items/6862,https://civicdb.org/links/evidence_items/5744,https://civicdb.org/links/evidence_items/5386,https://civicdb.org/links/evidence_items/5749,https://civicdb.org/links/evidence_items/5340,https://civicdb.org/links/evidence_items/6121,https://civicdb.org/links/evidence_items/6557	https://civicdb.org/links/molecular_profiles/1964	false
VHL Q195* (c.583C>T)	1686	Von Hippel-Lindau Disease	14175	Retinal capillary hemangioma,Pheochromocytoma,Cerebellar hemangioblastoma		Predisposing	Supports	Pathogenic	PVS1,PM2,PP4							VHL nonsense variant Q195* (c.583C>T) is pathogenic for Von Hippel Landau Disease	VHL variant Q195* (c.583C>T) introduces an early stop codon resulting in a truncated protein. Loss of function VHL variants have been implicated with pathogenicity for Von Hippel Landau disease (PVS1), and this variant has been observed in patients with symptoms and family history highly characteristic of Von Hippel Landau disease (PP4). The variant does not appear in the gnomAD population database (PM2).	18	6623,6596,4987,5097,5360,5404,5134,5691,5472	2026-03-09 16:19:10 UTC	https://civicdb.org/links/assertions/18	https://civicdb.org/links/evidence_items/6623,https://civicdb.org/links/evidence_items/6596,https://civicdb.org/links/evidence_items/4987,https://civicdb.org/links/evidence_items/5097,https://civicdb.org/links/evidence_items/5360,https://civicdb.org/links/evidence_items/5404,https://civicdb.org/links/evidence_items/5134,https://civicdb.org/links/evidence_items/5691,https://civicdb.org/links/evidence_items/5472	https://civicdb.org/links/molecular_profiles/1686	false
EBF1::PDGFRB Fusion	531	B-lymphoblastic Leukemia/lymphoma, BCR-ABL1–like	0080650		Imatinib,Dasatinib	Predictive	Supports	Sensitivity/Response		Tier II - Level C				false	false	EBF1-PDGFRB is associated with Ph-like ALL and predicts sensitivity to TKIs	The EBF1-PDGFRB fusion is associated with Philadelphia-like molecular subtype of B-ALL. B-ALLs characterized by this fusion show poor response to conventional chemotherapy, with an increased proportion of cases being completely resistant, showing residual disease at the end of induction or relapsing. However, a very good response of EBF1-PDGFRB-positive B-ALL to ABL-class tyrosine kinase inhibitors (imatinib and dasatinib) in combination with standard chemotherapy has been shown in a small number of cases. Clinical trials for ph-like ALL are ongoing.	19	7127,1310,6976,7028	2023-01-09 21:47:55 UTC	https://civicdb.org/links/assertions/19	https://civicdb.org/links/evidence_items/7127,https://civicdb.org/links/evidence_items/1310,https://civicdb.org/links/evidence_items/6976,https://civicdb.org/links/evidence_items/7028	https://civicdb.org/links/molecular_profiles/531	false
BRAF V600E	12	Colorectal Cancer	9256			Prognostic	Supports	Poor Outcome		Tier I - Level A		Colon Cancer	2.2017			BRAF V600E indicates poor prognosis in advanced colorectal cancer	BRAF V600E was associated with worse prognosis in Phase II and III colorectal cancer, with a stronger effect in MSI-Low or MSI-Stable tumors. In metastatic CRC, V600E was associated with worse prognosis, and meta-analysis showed BRAF mutation in CRC associated with multiple negative prognostic markers.	20	7157,103,1552,7158,7159,7156	2023-02-06 15:32:50 UTC	https://civicdb.org/links/assertions/20	https://civicdb.org/links/evidence_items/7157,https://civicdb.org/links/evidence_items/103,https://civicdb.org/links/evidence_items/1552,https://civicdb.org/links/evidence_items/7158,https://civicdb.org/links/evidence_items/7159,https://civicdb.org/links/evidence_items/7156	https://civicdb.org/links/molecular_profiles/12	false
HEY1::NCOA2 Fusion	2454	Mesenchymal Chondrosarcoma	4545			Diagnostic	Supports	Positive		Tier I - Level A						HEY1::NCOA2 fusions are pathognomonic for and may aid in the diagnosis of mesenchymal chondrosarcoma	The HEY1::NCOA2 fusion results in a chimeric transcription factor. A FISH assay used to detect HEY1::NCOA2 fusion demonstrates it is highly recurrent in mesenchymal chondrosarcoma. Multiple studies find the fusion in 100% of mesenchymal chondrosarcoma samples, but absent in tumor samples from cancer types with overlapping clinical presentations, leading the authors to suggest HEY::NCOA2 has diagnostic utility for mesenchymal chondrosarcoma. Professional guidelines (WHO) list the HEY1::NCOA2 fusion as a desirable diagnostic criteria for mesenchymal chondrosarcoma (WHO classification of tumours series, 5th ed.; vol. 7).	21	7008,7124,7125,7017	2023-12-18 21:11:05 UTC	https://civicdb.org/links/assertions/21	https://civicdb.org/links/evidence_items/7008,https://civicdb.org/links/evidence_items/7124,https://civicdb.org/links/evidence_items/7125,https://civicdb.org/links/evidence_items/7017	https://civicdb.org/links/molecular_profiles/2454	false
BRAF V600E	12	Colorectal Cancer	9256		Binimetinib,Encorafenib,Cetuximab	Predictive	Supports	Sensitivity/Response				Colon/Rectal Cancer	Version 1.2019	false	false	BRAFi + MEKi + EGFRi combination is recommended for BRAF V600E mutation positive colorectal cancer	Encorafenib + binimetinib + (Cetuximab or Panitumumab) or Dabrafenib + Trametinib + (Cetuximab or Panitumumab) are recommended as subsequent therapy for BRAF V600E mutation positive colorectal cancer.	23	7260	2023-01-09 21:47:55 UTC	https://civicdb.org/links/assertions/23	https://civicdb.org/links/evidence_items/7260	https://civicdb.org/links/molecular_profiles/12	false
DNAJB1::PRKACA Fusion	31	Fibrolamellar Carcinoma	5015			Diagnostic	Supports	Positive		Tier I - Level A						DNAJB1::PRKACA fusion is highly sensitive and specific for diagnosis of fibrolamellar hepatocellular carcinoma	A head-to-tail in-frame fusion between exon1 of DNAJB1 and exon2 of PRKACA, resulting from a ~400kb genomic deletion, has been reported as highly recurrent in fibrolamellar HCC. Detection of this fusion by RNAseq, RT-PCR and FISH has subsequently shown this fusion to be highly sensitive and specific for diagnosis of fibrolamellar HCC and mixed fibrolamellar HCC. Several hundred fibrolamellar HCC, non-FL HCC or non-malignant tissues have now been assayed to demonstrate this. WHO lists the DNAJB1::PRKACA fusion as a desirable diagnostic criteria for fibrolamellar hepatocellular carcinoma (WHO classification of tumours series, 5th ed.; vol. 7).	24	405,1643,532,754	2023-12-18 21:12:06 UTC	https://civicdb.org/links/assertions/24	https://civicdb.org/links/evidence_items/405,https://civicdb.org/links/evidence_items/1643,https://civicdb.org/links/evidence_items/532,https://civicdb.org/links/evidence_items/754	https://civicdb.org/links/molecular_profiles/31	false
KIAA1549::BRAF Fusion	614	Pilocytic Astrocytoma	4851			Diagnostic	Supports	Positive		Tier I - Level A		Central Nervous System Cancers	1.2019			KIAA1549-BRAF fusion supports diagnosis of pilocytic astrocytoma.	The KIAA1549-BRAF fusion includes the entire BRAF kinase domain, leading to constitutive activation of the BRAF kinase, and is the most common genetic alteration in pilocytic astrocytoma. The molecular mechanism is tandem duplication (approximately 1.9 Mb) in the chromosome 7q34 region with breakpoints at the KIAA1549 and BRAF genes. This fusion can be detected with next-generation sequencing (NGS), RNA-Seq, chromosomal microarray analysis, or other PCR-based breakpoint methods that capture the main 16-9, 15-9, and 16-11 breakpoints between KIAA1549 and BRAF.	25	7319,7148	2023-02-07 18:06:55 UTC	https://civicdb.org/links/assertions/25	https://civicdb.org/links/evidence_items/7319,https://civicdb.org/links/evidence_items/7148	https://civicdb.org/links/molecular_profiles/614	false
KIAA1549::BRAF Fusion	614	Pilocytic Astrocytoma	4851		Vemurafenib	Predictive	Supports	Resistance		Tier II - Level D				false	false	Expression of the KIAA1549-BRAF fusion in pilocytic astrocytoma exhibits resistance to vemurafenib due to paradoxical activation of the MAPK pathway.	Vemurafenib is a first-generation BRAF inhibitor, which has received FDA approval for the treatment of advanced BRAF V600-positive skin cancer. Similar to BRAF V600E/K mutations, the KIAA1549-BRAF fusion results in constitutive activation of BRAF, leading to sustained activation of the MEK-MAPK signaling pathway. In contrast to the BRAF V600E monomer, the KIAA1549-BRAF fusion signals as a dimer to activate MAPK signaling and exhibits resistance to vemurafenib. While vemurafenib can bind and inhibit one BRAF molecule in the dimer, it causes the other remaining BRAF to paradoxically activate the downstream MAPK pathway. Therefore, cells expressing KIAA1549-BRAF are resistant to first-generation BRAF inhibitors, like vemurafenib; however, they are responsive to second-generation inhibitors, such as PLX PB-3.	27	7402,7204	2026-03-09 16:19:50 UTC	https://civicdb.org/links/assertions/27	https://civicdb.org/links/evidence_items/7402,https://civicdb.org/links/evidence_items/7204	https://civicdb.org/links/molecular_profiles/614	false
IKZF1 Deletion	200	Childhood B-cell Acute Lymphoblastic Leukemia	0080146			Prognostic	Supports	Poor Outcome		Tier I - Level B						IKZF1 deletions (both intragenic/partial and large deletions involving the entire gene) are associated with a poor prognosis in pediatric B-cell acute lymphoblastic leukemia (B-ALL), in terms of increased risk of relapse (RR) and decreased event‐free survival (EFS).	IKZF1 deletions (both focal and non-focal) have been shown to confer a poor prognosis in pediatric B-cell acute lymphoblastic leukemia (B-ALL), in terms of increased risk of relapse (RR) and decreased event-free survival (EFS). IKZF1 deletions occur in about 15% of pediatric and 40%-50% of adult B-ALL patients; they are enriched in certain high-risk molecular subtypes, including BCR-ABL1 (Ph)-positive and BCR-ABL1 (Ph)-like B-ALL, where they occur in more than 70% of the cases . IKZF1 deletion represents one of the strongest independent predictors of inferior treatment outcome (increased RR and decreased EFS) in childhood B-ALL. However, the presence of co-occurring gene lesions may either enhance or negate the prognostic value of IKZF1 deletions. For instance, IKZF1 deletions occur in approximately 40% of the cases the B-ALLs characterized by deregulation of transcription factors DUX4 (caused typically by DUX4/IGH rearrangement) and ERG, but the outcome of these leukemias remains favorable even in the presence of IKZF1 abnormalities. IKZF1 deletions in B-ALL may include the whole gene (exons 1-8), resulting in decrease or loss (in case of bi-allelic deletions) of IKZF1 expression. Partial gene deletions including exons 4-7 function by creation a dominant-negative (DN) isoform known as IK6. In mouse models, DN Ikaros isoforms have a more severe leukaemic phenotype than mice with low expression of Ikaros. Other common deletion variants include exons 2-3, 2-7 and 4-8. In most cases IKZF1 deletions are monoallelic, although biallelic deletions also occur. In addition to deletions, nonsense, frameshift and missense mutations represent ~7% of IKZF1 alterations in B-ALL.	28	484,624,625	2026-03-09 16:19:50 UTC	https://civicdb.org/links/assertions/28	https://civicdb.org/links/evidence_items/484,https://civicdb.org/links/evidence_items/624,https://civicdb.org/links/evidence_items/625	https://civicdb.org/links/molecular_profiles/200	false
KMT2A Rearrangement	3010	Acute Leukemia	12603		Menin Inhibitor,VTP50469	Predictive	Supports	Sensitivity/Response		Tier II - Level D				false		PDX models of MLL-r Leukemia showed reduction of leukemia burden when treated with VTP50469	VTP50469 is an orally bioavailable small molecular inhibitor targeting a subset of MLL fusion target genes and significantly improves survival in PDX models of MLL-rearranged leukemia	30	7819	2026-04-10 21:08:01 UTC	https://civicdb.org/links/assertions/30	https://civicdb.org/links/evidence_items/7819	https://civicdb.org/links/molecular_profiles/3010	false
CTNNB1 Exon 3 Mutation	2761	Medulloblastoma	0050902			Diagnostic	Supports	Positive		Tier I - Level A		Central Nervous System Cancers	Version 3.2019			CTNNB1 mutations and or monosomy 6 are characteristic genetic aberrations in WNT-activated medulloblastomas.	WNT-activated tumors account for approximately 10% of all medulloblastomas. The WNT pathway activation can be demonstrated by detection of a CTNNB1 mutation (DNA sequencing) or monosomy 6 (chromosomal microarray or FISH), in addition to the accumulation of beta-catenin immunoreactivity in tumor cell nuclei. Approximately 90% of WNT-activated medulloblastomas harbor a somatic mutation in exon 3 of CTNNB1 and or demonstrate monosomy 6. WNT-activated medulloblastomas have a markedly better prognosis relative to the other subtypes, regardless of age at diagnosis.	31		2023-01-09 21:47:55 UTC	https://civicdb.org/links/assertions/31		https://civicdb.org/links/molecular_profiles/2761	false
ERBB2 Amplification	302	HER2 Positive Breast Cancer	0060079		Neratinib	Predictive	Supports	Sensitivity/Response		Tier I - Level A		Breast Cancer	3.2020	true	true	HER2 amplification predicts sensitivity to Neratinib.	HER2-receptor positive breast cancer is associated with a poor prognosis and makes up about 20% of a breast cancers. FDA approved companion diagnostic tests to confirm HER2 amplification include IHC, FISH, and CISH. Neratinib, an irreversible tyrosine kinase inhibitor that targets HER2, HER3, HER4, and EGFR, has been approved by the FDA to treat HER2 positive breast cancer as a monotherapy and in combination with chemotherapy based on the results from two Phase III clinical trials (ExteNET & NALA).	32	8073,8049,1113,8047,8048,761,8050,8072	2023-02-06 15:33:28 UTC	https://civicdb.org/links/assertions/32	https://civicdb.org/links/evidence_items/8073,https://civicdb.org/links/evidence_items/8049,https://civicdb.org/links/evidence_items/1113,https://civicdb.org/links/evidence_items/8047,https://civicdb.org/links/evidence_items/8048,https://civicdb.org/links/evidence_items/761,https://civicdb.org/links/evidence_items/8050,https://civicdb.org/links/evidence_items/8072	https://civicdb.org/links/molecular_profiles/302	false
FLT3 D835	433	Acute Myeloid Leukemia	9119		Gilteritinib	Predictive	Supports	Sensitivity/Response		Tier I - Level A		Acute Myeloid Leukemia	1.2020	true	true	FLT3 tyrosine kinase domain mutations at residue D835 in relapsed / refractory acute myeloid leukemia (AML) are sensitive to Gilteritinib, a Type I FLT3 inhibitor.	Mutations in the FMS-like tyrosine kinase 3 (FLT3) gene are the most common mutations in acute myeloid leukemia (AML). 5 to 10% of AML is associated with activating point mutations in the FLT3 tyrosine kinase domain (TKD), particularly at the D835 residue. FLT3 D835 mutations are a common mechanism of clinical resistance to type II FLT3 inhibitors (sorafenib, quizartinib and ponatinib), which bind only the inactive kinase conformation. However, gilteritinib, a type I oral inhibitor of FLT3 and AXL, demonstrated preclinical activity against type II FLT3 inhibitor resistance-conferring D835 mutations and clinical activity as monotherapy in Relapsed/Refractory (R/R) FLT3-mutated AML in multiple clinical trials. The 2017 FDA approved FLT3 mutation companion diagnostic assay can detect a D835 or I836 mutation, but cannot distinguish which of these residues is mutated. In 2018, the US Food and Drug Administration (FDA) approved gilteritinib as the first FLT3 inhibitor indicated for use as monotherapy for R/R AML with FLT3 D835.	33	8351,7283,8106,8108,7728	2023-02-06 16:53:55 UTC	https://civicdb.org/links/assertions/33	https://civicdb.org/links/evidence_items/8351,https://civicdb.org/links/evidence_items/7283,https://civicdb.org/links/evidence_items/8106,https://civicdb.org/links/evidence_items/8108,https://civicdb.org/links/evidence_items/7728	https://civicdb.org/links/molecular_profiles/433	false
v::ALK Fusion	495	Lung Non-small Cell Carcinoma	3908		Alectinib	Predictive	Supports	Sensitivity/Response		Tier I - Level A		Non-Small Cell Lung Cancer	6.2020	true	true	ALK fusion positive NSCLC is sensitive to alectinib	ALK fusions are found in approximately 5% of NSCLC patients. These fusions act as driver mutations through ligand-independent dimerization of ALK and constitutive downstream pathway activation. Alectinib in ALK-positive metastatic NSCLC has shown superior performance compared to first-line crizotinib in two phase 3 trials (civic.eid:8657 and civic.eid:7284). The VENTANA ALK (D5F3) CDx assay is FDA approved as companion diagnostic.	34	1273,1279,1282,8657,1272,7284	2026-03-06 17:46:05 UTC	https://civicdb.org/links/assertions/34	https://civicdb.org/links/evidence_items/1273,https://civicdb.org/links/evidence_items/1279,https://civicdb.org/links/evidence_items/1282,https://civicdb.org/links/evidence_items/8657,https://civicdb.org/links/evidence_items/1272,https://civicdb.org/links/evidence_items/7284	https://civicdb.org/links/molecular_profiles/495	false
SMARCB1 Loss	3071	Atypical Teratoid Rhabdoid Tumor	2129			Diagnostic	Supports	Positive		Tier I - Level A						Loss of the SMARCB1 gene product INI1 is diagnostic for Atypical Teratoid Rhabdoid Tumors	Loss of the SMARCB1 gene product INI1, assessed by monoclonal antibody is used to for diagnosis of Atypical Teratoid Rhabdoid Tumors (AT/RT). If loss of SMARCB1 or more rarely SMARCA4 is not observed, then WHO guidelines only a recommend a descriptive diagnosis of CNS embryonal tumour with rhabdoid features.	35	8863,8862	2023-02-06 15:46:01 UTC	https://civicdb.org/links/assertions/35	https://civicdb.org/links/evidence_items/8863,https://civicdb.org/links/evidence_items/8862	https://civicdb.org/links/molecular_profiles/3071	false
v::ROS1 Fusion	2562	Lung Non-small Cell Carcinoma	3908		Crizotinib	Predictive	Supports	Sensitivity/Response		Tier I - Level A		Non-Small Cell Lung Cancer	8.2020	true	true	Non-small cell lung cancer positive for ROS1 fusions are sensitive to crizotinib	ROS1 fusions occur in approximately 1-2% of NSCLC patients. Chromosomal rearrangements involving ROS1 have been found in multiple cancer types including NSCLC, spitzoid melanoma, cholangiocarcinoma, ovarian cancer, gastric cancer, and glioblastoma multiforme. While the mechanism of action of ROS1 fusions remains unknown and may differ based on the fusion partner gene, these fusions cause constitutive downstream pathway activation resulting in sensitivity to tyrosine kinase inhibitors. The Ion Torrent Oncomine Dx Target Test is FDA approved as companion diagnostic for crizotinib.	37	7282,8916,1030,1690,688,7933	2023-02-04 00:37:34 UTC	https://civicdb.org/links/assertions/37	https://civicdb.org/links/evidence_items/7282,https://civicdb.org/links/evidence_items/8916,https://civicdb.org/links/evidence_items/1030,https://civicdb.org/links/evidence_items/1690,https://civicdb.org/links/evidence_items/688,https://civicdb.org/links/evidence_items/7933	https://civicdb.org/links/molecular_profiles/2562	false
FLT3 ITD	55	Acute Myeloid Leukemia	9119		Gilteritinib	Predictive	Supports	Sensitivity/Response		Tier I - Level A		Acute Myeloid Leukemia	2.2021	true	true	FLT3 internal tandem duplication (ITD) mutations in relapsed / refractory acute myeloid leukemia (AML) are sensitive to Gilteritinib, a Type I FLT3 inhibitor.	The constitutively activating FLT3 internal tandem duplication (ITD) mutation appears in approximately 20-30% of AML patients and are associated with high risk, high relapse rates and poor clinical outcome. The type I selective second-generation oral inhibitor, gilteritinib, received initial global approval for use to treat adults with relapsed or refractory (R/R) FLT3 ITD positive AML in Japan in September 2018. Based on interim results of the ADMIRAL trail (Perl AE, et al., 2019), the FDA approved the drug for treatment of adult R/R AML with FLT3 ITD mutations in November 2018. The FDA approved companion diagnostic, LeukoStrat CDx FLT3 Mutation assay.	38	8924,7728,7283,8923	2023-02-06 15:50:11 UTC	https://civicdb.org/links/assertions/38	https://civicdb.org/links/evidence_items/8924,https://civicdb.org/links/evidence_items/7728,https://civicdb.org/links/evidence_items/7283,https://civicdb.org/links/evidence_items/8923	https://civicdb.org/links/molecular_profiles/55	false
ETV6::NTRK3 Fusion	779	B-lymphoblastic Leukemia/lymphoma	0080630		Larotrectinib	Predictive	Supports	Sensitivity/Response		Tier II - Level C				false		ETV6-NTRK3–positive B-cell lymphoblastic leukemia patients can be sensitive to larotrectinib	An ETV6-NTRK3 gene fusion can be seen in ∼1% of “Philadelphia-like” B-cell acute lymphoblastic leukemia (B-ALL) cases. The TRK pathway has been implicated in the pathogenesis of many cancer types, with NTRK fusions being the best characterized. Larotrectinib and entrectinib are NTRK inhibitors that are FDA approved for patients with NTRK fusion-positive solid tumors, including tumors with ETV6-NTRK3 fusions, and are reported to have durable NTRK inhibition. Evaluating response of ETV6-NTRK3 fusion in B-ALL cases to larotrectinib is difficult due to the rarity of the fusion in this cancer type. However, in a limited number of clinical cases of ETV6-NTRK3 in B-ALL, patients harboring these fusions have responded to larotrectinib. One patient demonstrated a response to treatment that was lost on discontinuation of therapy but showed durable response achieving remission on restarting laroterctinib [civic.eid:8917]. The functional impact of ETV6-NTRK3 has been demonstrated through increased tumorigenic properties in mice, which mimic human B-ALL [civic.eid:8931] and enhanced sensitivity to Larotrectinib both in vivo and in vitro [civic.eid:6930]. These pre-clinical and limited clinical studies show that ETV6-NTRK3 fusion-positive B-ALL may demonstrate response to larotrectinib with minimal adverse effects similar to solid tumors for which these are FDA-approved.	39	7993,8917,8930,6930	2025-10-13 19:04:35 UTC	https://civicdb.org/links/assertions/39	https://civicdb.org/links/evidence_items/7993,https://civicdb.org/links/evidence_items/8917,https://civicdb.org/links/evidence_items/8930,https://civicdb.org/links/evidence_items/6930	https://civicdb.org/links/molecular_profiles/779	false
FLT3 I836	3101	Acute Myeloid Leukemia	9119		Gilteritinib	Predictive	Supports	Sensitivity/Response		Tier I - Level A		Acute Myeloid Leukemia	2.2021	true	true	FLT3 tyrosine kinase domain mutations at residue I836 in relapsed / refractory acute myeloid leukemia (AML) are sensitive to Gilteritinib, a Type I FLT3 inhibitor.	Mutations in the FMS-like tyrosine kinase 3 (FLT3) gene are the most common mutations in acute myeloid leukemia (AML). Activating point mutations in the FLT3 tyrosine kinase domain (TKD) through autophosphorylation occur in 5 to 10% of AML and include the I836 residue. The type I selective second-generation oral inhibitor, gilteritinib, received FDA approval in November 2018 based on interim results of the ADMIRAL trail (Perl AE, et al., 2019) for monotherapy treatment of adult R/R AML with FLT3 I836 mutations. The FDA approved companion diagnostic, LeukoStrat CDx FLT3 Mutation assay, which notably uses EcoRV restriction digest to detect TKD mutations, but is unable to specify which TKD mutation (D835 or I836) is present.	40	9782,7283,7728,9783	2023-02-07 18:08:59 UTC	https://civicdb.org/links/assertions/40	https://civicdb.org/links/evidence_items/9782,https://civicdb.org/links/evidence_items/7283,https://civicdb.org/links/evidence_items/7728,https://civicdb.org/links/evidence_items/9783	https://civicdb.org/links/molecular_profiles/3101	false
VHL L184P (c.551T>C)	1652	Von Hippel-Lindau Disease	14175	Clear cell renal cell carcinoma,Renal cyst,Renal cell carcinoma,Morphological central nervous system abnormality,Pancreatic cysts,Abnormality of the pancreas,Abnormal renal morphology,Hemangioblastoma,Spinal hemangioblastoma,Retinal capillary hemangioma,Retinal vascular proliferation,Cerebellar hemangioblastoma		Predisposing	Supports	Uncertain Significance	PM1,PM2,PP4							L184P (c.551T>C) is a variant of unknown significance (VUS) for Von Hippel-Lindau Disease	The L184P variant is not found in the general population in the gnomAD exomes (v2.0.2) supporting ACMG code PM2. The variant occurs within a functional domain, disrupting VHL binding to elongin C (ACMG code PM1). This variant has been found to have patient phenotypes that are highly specific for VHL disease. ACMG code PP4: [civic.eid:8491], [civic.eid:6119], [civic.eid:5055], [civic.eid:4943].	41	4943,6119,8491,5055	2026-03-09 16:15:46 UTC	https://civicdb.org/links/assertions/41	https://civicdb.org/links/evidence_items/4943,https://civicdb.org/links/evidence_items/6119,https://civicdb.org/links/evidence_items/8491,https://civicdb.org/links/evidence_items/5055	https://civicdb.org/links/molecular_profiles/1652	true
VHL R167W (c.499C>T)	1623	Von Hippel-Lindau Disease	14175	Neuroendocrine neoplasm,Multiple renal cysts,Pheochromocytoma,Pancreatic cysts,Renal cyst,Hemangioblastoma,Spinal hemangioblastoma,Retinal capillary hemangioma,Cerebellar hemangioblastoma,Clear cell renal cell carcinoma,Renal cell carcinoma		Predisposing	Supports	Pathogenic	PS2,PM1,PM2,PP1,PP3							VHL R167W (c.499C>T) is a pathogenic rare germline variant that predisposes individuals to von-Hippel Landau disease.	VHL R167W has been observed in a de novo context (both parents confirmed) in a patient with the disease and negative family history (ACMG code PS2) [civic:EID8469]. R167 is an established germline hotspot in VHL (ACMG code: PM1). The variant is not found in the general population: gnomAD exome allele frequency = 0.00001 (ACMG code: PM2). R167W (c.499T>C) was observed co-segregating with VHL disease in multiple affected family members within several unrelated families. Unaffected family members did not harbor the variant (ACMG code: PP1) [civic:EID4912]. The phenotypes and family histories associated with this variant are highly specific for VHL disease (particularly VHL type 2) with a single genetic etiology. [civic:EID8991], [civic:EID5184], [civic:EID5769], [civic:EID6519], [civic:EID5468]. Futhermore, multiple lines of computational evidence support a deleterious effect on the gene or gene product (ACMG code: PP3). This variant is predicted to be pathogenic by at least 7 different programs [civic:EID5184] and has a Revel score of 0.868. Of note, this variant is classified as pathogenic by ClinVar with a two star review status (criteria provided, multiple submitters, no conflicts).	42	8469,5468,4912,5184,5769,8991,6519	2026-03-09 14:01:37 UTC	https://civicdb.org/links/assertions/42	https://civicdb.org/links/evidence_items/8469,https://civicdb.org/links/evidence_items/5468,https://civicdb.org/links/evidence_items/4912,https://civicdb.org/links/evidence_items/5184,https://civicdb.org/links/evidence_items/5769,https://civicdb.org/links/evidence_items/8991,https://civicdb.org/links/evidence_items/6519	https://civicdb.org/links/molecular_profiles/1623	false
SNX2::ABL1 Fusion	2547	B-lymphoblastic Leukemia/lymphoma, BCR-ABL1–like	0080650			Diagnostic	Supports	Positive		Tier II - Level C						SNX2-ABL1 fusions are associated with Ph-like B-lymphoblastic leukemia	SNX2-ABL1 fusions in B-ALL are rare based on large retrospective studies. Few cases have been described but when available, microarray expression signatures from patients harboring these fusions, show a Ph-like signature. Co-occurrence with IKZF1 deletions has been described in 2 patients. Relatively short overall survival has also been implied in these rare patients, consistent with the poor outcomes associated with Ph-like B-ALL.	43	7744,7694,9177,7254,7241,9178	2023-01-09 21:47:55 UTC	https://civicdb.org/links/assertions/43	https://civicdb.org/links/evidence_items/7744,https://civicdb.org/links/evidence_items/7694,https://civicdb.org/links/evidence_items/9177,https://civicdb.org/links/evidence_items/7254,https://civicdb.org/links/evidence_items/7241,https://civicdb.org/links/evidence_items/9178	https://civicdb.org/links/molecular_profiles/2547	false
FLT3 ITD & D839G	3080	Acute Myeloid Leukemia	9119		Ponatinib	Predictive	Supports	Resistance		Tier II - Level D				false	false	FLT3-ITD/D839G confers resistance to Ponatinib	FMS-like tyrosine kinase 3 (FLT3) encodes a class III receptor tyrosine kinase expressed in hematopoietic cells. Mutations in the FLT3 gene are the most common mutations in acute myeloid leukemia (AML), occurring in approximately 30% of all AML cases. FLT3-ITD (internal tandem duplication) mutation is the most common type of FLT3 mutation (~25% of all AML cases), and FLT3-TKD mutations (FLT3 mutations in the tyrosine kinase domain, including the D839 residue) have a lower incidence in AML (~7-10% of all cases). Quizartinib is a type II FLT3 TKI (tyrosine kinase inhibitor) with high selectivity and potency that stabilizes the inactive conformation of FLT3 and blocks FLT3-ITD-dependent cell proliferation. However, FLT3 gatekeeper mutant (FLT3-F691L) still shows resistance to Quizartinib. In a preclinical study (PMID: 23430109), Ponatinib is identified as a type II FLT3 TKI exhibiting activity against Quizartinib-resistant FLT3-ITD/F691 gatekeeper mutations. However, Compared to control cells with native FLT3-ITD mutant (IC50: 3.0nM), cells with double mutants (FLT3-ITD/D839G) show resistance to ponatinib (IC50: 54nM). Cell proliferation assay and immunoblots evaluating phosphorylation of FLT3 and its downstream target (STAT5) confirmed such resistance. In addition, a case study also identified the FLT3-ITD/D839G variant in a FLT3-ITD AML patient at diagnosis, with variant not observed at relapse (PMID: 26438511).	45	8897,9140	2023-01-09 21:47:55 UTC	https://civicdb.org/links/assertions/45	https://civicdb.org/links/evidence_items/8897,https://civicdb.org/links/evidence_items/9140	https://civicdb.org/links/molecular_profiles/3080	false
FLT3 ITD & D839G	3080	Acute Myeloid Leukemia	9119		Pexidartinib	Predictive	Supports	Resistance		Tier II - Level D				false	false	FLT3-ITD/D839G confers resistance to Pexidartinib	FMS-like tyrosine kinase 3 (FLT3) encodes a class III receptor tyrosine kinase expressed in hematopoietic cells. Mutations in the FLT3 gene are the most common mutations in acute myeloid leukemia (AML), occurring in approximately 30% of all AML cases. FLT3-ITD (internal tandem duplication) mutation is the most common type of FLT3 mutation (~25% of all AML cases), and FLT3-TKD mutations (FLT3 mutations in the tyrosine kinase domain, including the D839 residue) have a lower incidence in AML (~7-10% of all cases). Quizartinib is a type II FLT3 TKI (tyrosine kinase inhibitor) with high selectivity and potency that stabilizes the inactive conformation of FLT3 and blocks FLT3-ITD-dependent cell proliferation. However, FLT3 gatekeeper mutant (FLT3-F691L) still shows resistance to Quizartinib. A new potential type 2 FLT3 inhibitor – Pexidartinib (PLX3397) is identified in preclinical studies (PMID: 25847190) with in vitro activity against FLT3 gatekeeper mutants like FLT3-F691L (inhibit proliferation for cells expressing FLT3-ITD and FLT3-ITD/F691L). An in vivo study using MV4;11 exnograft model confirmed the anti-FLT3-ITD activity of pexidartinib. A phase 1/2 study of pexidartinib also showed the clinical activity of Pexidartinib in FLT3-ITD AML patients (PMID: 32330242). However, cells expressing quizartinib-resistant activation loop mutants (at residues D835 and Y842) demonstrated substantial relative resistance to pexidartinib suggesting that PLX3397 may be particularly vulnerable to activation loop substitutions. An in vitro saturation mutagenesis screen was utilized to identify KD mutations that might confer clinical resistance to pexidartinib, and FLT3-D839G was identified in this in vitro saturation mutagenesis screen. FLT3-ITD/D839G (mean IC50 =4.1μM) confer resistance to pexidartinib in Ba/F3 cells when compared with FLT3-ITD alone (mean IC50 =0.15μM). Immunoblots also confirmed such resistance to pexidartinib by evaluating phosphorylation of FLT3 and its downstream target (STAT5) (PMID: 25847190). In addition, a case study also identified the FLT3-ITD/D839G variant in a FLT3-ITD AML patient at diagnosis, with variant not observed at relapse (PMID: 26438511).	46	8669,9140	2023-01-09 21:47:55 UTC	https://civicdb.org/links/assertions/46	https://civicdb.org/links/evidence_items/8669,https://civicdb.org/links/evidence_items/9140	https://civicdb.org/links/molecular_profiles/3080	false
FGFR3 S249C	624	Bladder Urothelial Carcinoma	4006		Erdafitinib	Predictive	Supports	Sensitivity/Response		Tier I - Level A		Bladder Cancer	3.2020	true	true	FGFR3 S249C is a predictive biomarker for use of erdafitinib in patients with locally advanced or metastatic urothelial carcinoma.	FGFR3, fibroblast growth factor receptor 3, is a receptor tyrosine kinase which, upon binding of the FGF ligand, activates signaling pathways that include the PI3K/AKT and MAPK pathways (PMID: 20094046, 22388515). The FGFR3 p.Ser249Cys variant occurs in the extracellular domain of the receptor and results in constitutive activation and ligand-independent phosphorylation (PMID: 16338952). FGFR3 is altered in 27.8% of urothelial carcinoma patients (PMID: 17668422, 23175443, 31340094, COSMIC), with FGFR3 S249C present in 15.16% of all urothelial carcinoma patients (PMID: 28572459). Patients with FGFR3-altered advanced urothelial tumours, as well as other tumors at other disease sites, have been shown to respond to FGFR inhibitors (PMID: 31340094, 29848605, 31088831, 28341788). Erdafitinib, an FGFR kinase inhibitor that targets FGFR2 and FGFR3, has been approved by the FDA for the treatment of adults with locally advanced or metastatic urothelial carcinoma which has susceptible FGFR2 and FGFR3 genetic alterations (including S249C), based on the results from the open-label, phase 2 study, BLC2001 (NCT02365597). It should be noted that of the 99 patients in the selected-regimen group who received erdafitinib, only a proportion harbored the S249C variant. The FDA also approved a companion diagnostic test available from Qiagen (Therascreen FGFR RGQ RT-PCR kit) for the detection of this mutation, along with other FGFR3 mutations.	47	9088	2023-02-06 15:50:25 UTC	https://civicdb.org/links/assertions/47	https://civicdb.org/links/evidence_items/9088	https://civicdb.org/links/molecular_profiles/624	false
CD44 CD44v6	3241	Cancer	162		Cisplatin	Predictive	Supports	Resistance		Tier II - Level C				false	false	CD44v6 is a predictive factor of resistance to cisplatin.	Three in vitro studies including gastric and ovarian cancer cell lines show that CD44v6 expression involves resistance to cisplatin. Moreover, a clinical study including 21 patients with cervical cancer shows that patients with low expression of CD44v6 prior to NAC treatment responded to the treatment.	48	9481,9430,9429,9438	2026-03-09 16:19:50 UTC	https://civicdb.org/links/assertions/48	https://civicdb.org/links/evidence_items/9481,https://civicdb.org/links/evidence_items/9430,https://civicdb.org/links/evidence_items/9429,https://civicdb.org/links/evidence_items/9438	https://civicdb.org/links/molecular_profiles/3241	false
DDX41 G530D	3875	Myeloid Neoplasm	0070004			Diagnostic	Supports	Positive		Tier III						The somatic G530D variant in DDX41 has been recurrently reported in AML and MDS, including as an acquired variant in patients with germline nonsense/frameshift variants, leading to a classification of Likely Oncogenic by ClinGen/CGC/VICC 2022 Guidelines. However, the lack of sufficiently strong evidence leads to a classification of Tier III by AMP/ASCO/CAP 2017 Guidelines.	The NM_016222.4(DDX41)c.1589C>A variant results in a substitution of glycine with aspartic acid at codon 530 (p.G530D). This G530 residue is highly conserved (PMID: 27502187; UCSC Genome Browser) and is located in the RecA-like helicase C domain (PMID: 26712909; PMID: 26944477; PMID: 27721487), just outside of the VI motif, which is necessary for hydrolysis of ATP (PMID: 28547672; PMID: 27174803) [OM1]. Missense predictors agree on a deleterious effect (REVEL score=0.901, CADD score=25.5, FATHMM score=0.98, MutationAssessor = high) [OP1]. The variant is absent from population databases (gnomAD v2 and v3, ESP, 1000 Genomes) [OP4]. Although the somatic variant is absent from cancerhotspots.org and cBioPortal.org, it has been reportedly acquired in 10 cases (EID10340; EID10341; EID10344; EID10345; EID10346; EID10347 | cited by EID10348); of these cases, the methodology by which the variant was confirmed somatic was apparent (i.e., testing also performed in skin fibroblasts/oral epithelial tissue) in 6 cases (EID10344; EID10345; EID10346) [OM3]. It is also of note that G530D was acquired in 5 of those cases subsequent to a germline nonsense/frameshift variant, which is a typical mechanism for the associated cancer susceptibility disorder (EID10344; EID10345; EID10346). This variant has also been detected in the germline of 5 members from the same family (extensive family history of AML and one MDS), 3 of whom had a diagnosis of AML (EID10339 | cited by EID10342 and EID10343) [PP1?]. OM1+OM3+OP1+OP4(+PP1) = 6 points or Likely Oncogenic (PMID: 35101336) | PS4+PM1+PM2+PP3(+PP1) = Likely Pathogenic (PMID: 34125426)	49	11433,10346,10344,10339,10343,11434,10348,10345,10340,10342,10341,10347,11435	2026-05-07 02:53:03 UTC	https://civicdb.org/links/assertions/49	https://civicdb.org/links/evidence_items/11433,https://civicdb.org/links/evidence_items/10346,https://civicdb.org/links/evidence_items/10344,https://civicdb.org/links/evidence_items/10339,https://civicdb.org/links/evidence_items/10343,https://civicdb.org/links/evidence_items/11434,https://civicdb.org/links/evidence_items/10348,https://civicdb.org/links/evidence_items/10345,https://civicdb.org/links/evidence_items/10340,https://civicdb.org/links/evidence_items/10342,https://civicdb.org/links/evidence_items/10341,https://civicdb.org/links/evidence_items/10347,https://civicdb.org/links/evidence_items/11435	https://civicdb.org/links/molecular_profiles/3875	false
EZH2 Y646F	2858	Follicular Lymphoma	0050873		Tazemetostat	Predictive	Supports	Sensitivity/Response		Tier I - Level A		B-Cell Lymphomas	1.2024	true	true	Tazemetostat has been withdrawn for treatment of follicular lymphoma with EZH2 Y646F	EZH2 Y641F mutations confer a gain-of-function effect that promotes lymphomagenesis in germinal center–derived B-cell malignancies, including follicular lymphoma, through increased H3K27 trimethylation (H3K27me3) and epigenetic reprogramming (civic.EID:9517, civic.EID:10394). These mutations are recurrently observed in follicular lymphoma and germinal center B-cell–like diffuse large B-cell lymphoma, supporting their role in oncogenesis (civic.EID:433). Functionally, EZH2 Y641F alters PRC2 substrate specificity, leading to accumulation of H3K27me3 and chromatin remodeling (civic.EID:9517). Clinically, patients with EZH2-mutant follicular lymphoma demonstrate higher response rates to the EZH2 inhibitor tazemetostat compared to wild-type cases, supporting mutation-dependent therapeutic sensitivity (civic.EID:9709). Early-phase clinical data further support that activating EZH2 mutations may confer increased sensitivity to EZH2 inhibition (civic.EID:9377). After accelerated FDA approval in 2020, Tazemetostat (Tazverik) was voluntarily withdrawn from all markets and indications on March 9, 2026, after an independent data monitoring committee identified cases of secondary hematologic malignancies in the SYMPHONY-1 trial. In addition, the FDA issued a Drug Alert detailing the increased rate of hematologic secondary primary malignancies (SPMs) associated to the drug. It was reported that 18 out of 318 (5.7%) of patients treated with Tazemetostat developed hematologic SPMs, with no SPM events in the control arm. Most of the SPMs were myelodysplastic syndrome or acute myeloid leukemia.	50	10394,433,9517,9377,9709	2026-05-28 18:55:46 UTC	https://civicdb.org/links/assertions/50	https://civicdb.org/links/evidence_items/10394,https://civicdb.org/links/evidence_items/433,https://civicdb.org/links/evidence_items/9517,https://civicdb.org/links/evidence_items/9377,https://civicdb.org/links/evidence_items/9709	https://civicdb.org/links/molecular_profiles/2858	true
KANK1::NTRK2 Fusion	3027	Solid Tumor			Larotrectinib	Predictive	Supports	Sensitivity/Response		Tier I - Level A				true	true	KANK1::NTRK2 positive tumors demonstrate sensitivity to larotrectinib.	Larotrectinib has been approved by the FDA to treat NTRK fusion-positive solid tumors who meet FDA label criteria. Two KANK1::NTRK2 fusion-positive central nervous system tumors in two different individuals demonstrated response to adjuvant larotrectinib treatment. In both reports, NTRK2 was the 3' partner, in-frame, and had the tyrosine kinase domain retained.	51	10392,10361,10360	2025-10-13 19:05:33 UTC	https://civicdb.org/links/assertions/51	https://civicdb.org/links/evidence_items/10392,https://civicdb.org/links/evidence_items/10361,https://civicdb.org/links/evidence_items/10360	https://civicdb.org/links/molecular_profiles/3027	false
EML4::NTRK3 Fusion	4167	Solid Tumor			Entrectinib	Predictive	Supports	Sensitivity/Response		Tier I - Level A				true	true	EML4::NTRK3 fusion-positive solid tumors are reported to show objective response to entrectinib therapy.	Entrectinib, a tropomycin receptor kinase (TRK) inhibitor, is an FDA-approved drug for patients with solid tumors positive for NTRK fusions who meet FDA label criteria. The EML4::NTRK3 fusion retains the EML4 basic region and the entire protein tyrosine kinase domain of NTRK3. Multiple EML4::NTRK3 fusion-positive patients with solid tumors treated with entrectinib have demonstrated complete or partial responses.	52	2949,10636,11125,10635,11099	2025-10-13 19:05:57 UTC	https://civicdb.org/links/assertions/52	https://civicdb.org/links/evidence_items/2949,https://civicdb.org/links/evidence_items/10636,https://civicdb.org/links/evidence_items/11125,https://civicdb.org/links/evidence_items/10635,https://civicdb.org/links/evidence_items/11099	https://civicdb.org/links/molecular_profiles/4167	false
KRAS R164Q (exon 5b)	1181	Cancer	162			Oncogenic	Supports	Likely Benign			OP1,SBS2					KRAS R164Q is a likely benign variant.	KRAS R164Q is not located in a hotspot or critical functional domain, and frequency in gnomAD (1.99e-5) is not low enough to indicate a rare variant. Multiple computational algorithms classify R164Q as deleterious (OP1) but in cell culture, the variant did not induce transformation in the presence of positive controls (SBS2, civc.EID:7935), which results in an oncogenicity score of -3, likely benign.	54	7935	2023-01-09 21:47:55 UTC	https://civicdb.org/links/assertions/54	https://civicdb.org/links/evidence_items/7935	https://civicdb.org/links/molecular_profiles/1181	false
FGFR3 S249C	624	Cancer	162			Oncogenic	Supports	Oncogenic			OS2,OS3,OP1,OP4					FGFR3 S249C is classified as Oncogenic according to the FGFR SC-VCEP Oncogenicity specifications.	In vitro studies indicate that the S249C variant affects normal FGFR3 function in a manner consistent with oncogenic activation. The S249C variant results in constitutive FGFR3 activation, ligand-independent signaling, cellular transformation, tumor formation in vivo, and oncogene dependence in bladder cancer models (civic.EID:8855, civic.EID:10386, civic.EID:8811) (OS2). FGFR3 codon 249 is identified as a statistically enriched hotspot in the Cancer Hotspots database. The Cancer Hotspots dataset contains 50 or more samples with a somatic variant at this codon, with the S249C variant present in 10 or more samples (OS3). The S249C variant has a score of 0.902 from the REVEL in silico prediction tool (OP1). The FGFR3 c.746C>G (p.S249C) variant is absent in the gnomAD database (OP4). These codes lead to an Oncogenicity score of 10 (OS2 [4]; OS3 [4]; OP1 [1]; OP4 [1]). Therefore, the FGFR3 S249C variant is classified as Oncogenic according to the FGFR SC-VCEP Oncogenicity specifications.	55	8853,8811,8855,7306,10386,8642,4871,7941,8854	2026-08-06 18:41:07 UTC	https://civicdb.org/links/assertions/55	https://civicdb.org/links/evidence_items/8853,https://civicdb.org/links/evidence_items/8811,https://civicdb.org/links/evidence_items/8855,https://civicdb.org/links/evidence_items/7306,https://civicdb.org/links/evidence_items/10386,https://civicdb.org/links/evidence_items/8642,https://civicdb.org/links/evidence_items/4871,https://civicdb.org/links/evidence_items/7941,https://civicdb.org/links/evidence_items/8854	https://civicdb.org/links/molecular_profiles/624	false
ETV6::NTRK3 Fusion	779	Congenital Fibrosarcoma	8418	Pediatric onset	Larotrectinib	Predictive	Supports	Sensitivity/Response		Tier I - Level A		Soft Tissue Sarcoma	2.2022	true	true	ETV6::NTRK3- positive infantile fibrosarcoma tumors are sensitive to larotrectinib.	Larotrectinib, a tropomyosin receptor kinase (TRK) inhibitor is an FDA approved drug for those who meet FDA label criteria and an age- and tumor-agnostic therapy for solid tumors with NTRK fusions. Over 90% of patients with NTRK fusion positive infantile fibrosarcoma show response to treatment with larotrectinib.	56	10717,6099,6473,7418	2025-11-10 17:10:15 UTC	https://civicdb.org/links/assertions/56	https://civicdb.org/links/evidence_items/10717,https://civicdb.org/links/evidence_items/6099,https://civicdb.org/links/evidence_items/6473,https://civicdb.org/links/evidence_items/7418	https://civicdb.org/links/molecular_profiles/779	false
KANK1::NTRK2 Fusion	3027	Solid Tumor				Oncogenic	Supports	Oncogenic			N/A					KANK1::NTRK2 is classified as an Oncogenic NTRK fusion.	KANK1::NTRK2 has been reported in greater than three published cases (CA1) with most being brain tumors. NTRK2 is the 3’ partner gene in each case (FG1). Additionally, the fusion junctions reported are predicted to retain an intact NTRK2 tyrosine kinase domain (TKD) (FG2) and the TKD to be in-frame (FG3). KANK1 has been reported as a 5’ fusion partner in other kinase gene fusions in cancers (CA2). More than one KANK1::NTRK2 positive tumor has demonstrated response to NTRK targeted (larotrectinib) treatment (CV). Expression of the fusion has been detected by Pan-Trk immunohistochemical staining (FS2). Collectively, FG1+FG2+FG3+CA1+CA2+CV+FS2, results in an Oncogenic classification for KANK1::NTRK2 via the ClinGen NTRK SC-VCEP fusion oncogenicity rules.	57	10361,10896,10360,8653,10362	2025-10-13 19:07:51 UTC	https://civicdb.org/links/assertions/57	https://civicdb.org/links/evidence_items/10361,https://civicdb.org/links/evidence_items/10896,https://civicdb.org/links/evidence_items/10360,https://civicdb.org/links/evidence_items/8653,https://civicdb.org/links/evidence_items/10362	https://civicdb.org/links/molecular_profiles/3027	false
EML4::NTRK3 Fusion	4167	Congenital Fibrosarcoma	8418			Diagnostic	Supports	Positive		Tier I - Level A						The EML4 (EMAP Like 4)::NTRK3 (Neurotrophic receptor tyrosine kinase) fusion is one of the diagnostic criteria for congenital (infantile) fibrosarcoma.	The EML4 (EMAP Like 4)::NTRK3 (Neurotrophic receptor tyrosine kinase) fusion formed through a reciprocal t(2;15)(p21;q25). The chimeric fusion results from joining the 5′ part of EML4 with the 3′ exons of NTRK3. The EML4::NTRK3 fusion preserves a small portion of the EML4 basic region and the entire protein kinase portion of NTRK3. Cytogenetics, array CGH and RNA analysis verified the EML4::NTRK3 fusion. This fusion is one of the diagnostic criteria for infantile fibrosarcoma.	58	10419,11517	2025-06-09 16:38:07 UTC	https://civicdb.org/links/assertions/58	https://civicdb.org/links/evidence_items/10419,https://civicdb.org/links/evidence_items/11517	https://civicdb.org/links/molecular_profiles/4167	false
ETV6::NTRK3 Fusion	779	Congenital Fibrosarcoma	8418	Pediatric onset		Diagnostic	Supports	Positive		Tier I - Level A						ETV6::NTRK3 is one of the diagnostic criteria for congenital (infantile) fibrosarcoma.	Congenital (infantile) fibrosarcoma is a malignant fibroblastic tumor occurring in infancy (typically < 3 years of age) and most frequently is characterized by an ETV6::NTRK3 fusion (civic.eid:11276), (civic.eid:11277). The ETV6::NTRK3 fusion t(12;15)(p13;q25)results from joining the 5′ part of ETV6 encoding the helix–loop–helix (HLH) dimerization domain with the 3′ exons of NTRK3 encoding the protein tyrosine kinase (PTK) domain. Consensus professional guidelines (WHO) list detection of ETV6::NTRK3 or other rearrangements involving NTRK1, BRAF, and MET as part of the diagnostic criteria for infantile fibrosarcoma (WHO classification of tumours series, 5th ed.; vol. 3).	59	11276,11277	2026-03-06 17:43:45 UTC	https://civicdb.org/links/assertions/59	https://civicdb.org/links/evidence_items/11276,https://civicdb.org/links/evidence_items/11277	https://civicdb.org/links/molecular_profiles/779	false
ETV6::NTRK3 Fusion	779	Cancer	162			Oncogenic	Supports	Oncogenic			N/A					ETV6::NTRK3 is an oncogenic fusion in multiple cancer types.	ETV6::NTRK3 fusion transcripts include the helix-loop-helix (HLH) protein dimerization domain of ETV6 fused to the tyrosine kinase domain of NTRK3. The fusion has been observed in multiple tumor types including breast secretory carcinoma, congenital fibrosarcoma, mesoblastic nephroma, and other hematologic and solid tumors. Oncogenicity assessment utilizing ClinGen NTRK SC-VCEP Guidelines meets multiple criteria. NTRK3 is 3' partner, retains kinase domain, and is in frame (FG1, FG2, and FG3, civicEID:10502). The fusion is described in > 100 tumor cases (CA1, civicEID:8332, civicEID:6474, civicEID:10841) ETV6 is found in other cancer associated fusions (CA2, civicEID:8599). ETV6::NTRK3 induces transformation in cells and tumors in mice (FS1, civicEID:8931), expression of ETV6 in tumors is verified (FS2, civicEID:10504), and the fusion responds to therapeutic inhibition (CV1, civicAID:39, civicEID:6099).	60	6474,8332,10502,8931,8599,10504,6099,10841	2025-11-10 17:11:09 UTC	https://civicdb.org/links/assertions/60	https://civicdb.org/links/evidence_items/6474,https://civicdb.org/links/evidence_items/8332,https://civicdb.org/links/evidence_items/10502,https://civicdb.org/links/evidence_items/8931,https://civicdb.org/links/evidence_items/8599,https://civicdb.org/links/evidence_items/10504,https://civicdb.org/links/evidence_items/6099,https://civicdb.org/links/evidence_items/10841	https://civicdb.org/links/molecular_profiles/779	false
ETV6::NTRK3 Fusion	779	Congenital Mesoblastic Nephroma	4773		Larotrectinib	Predictive	Supports	Sensitivity/Response		Tier I - Level A				true	true	ETV6::NTRK3 positive mesoblastic nephroma is responsive to larotrectinib in a pediatric case study.	ETV6::NTRK3 results from t(12;15)(p13;q25) translocation, and is associated with the cellular subtype of congenital mesoblastic nephroma (CMN)(civicEID:10841). The efficacy of NTRK inhibitors against NTRK fusion-positive solid tumors was assessed in patients enrolled on the clinical trial NCT02637687, including CMN that made up about 2% of study participants. The NTRK inhibitor larotrectinib is now approved for use in patients with ETV6::NTRK3 positive solid tumors, including CMN, who meet FDA label criteria. One report in a single 23 month old male patient with CMN (civicEID:10840) showed response.	61	10840,6568,10841	2025-09-08 16:36:22 UTC	https://civicdb.org/links/assertions/61	https://civicdb.org/links/evidence_items/10840,https://civicdb.org/links/evidence_items/6568,https://civicdb.org/links/evidence_items/10841	https://civicdb.org/links/molecular_profiles/779	false
SCP2::NTRK1 Fusion	4121	Breast Cancer	1612			Oncogenic	Supports	Likely Oncogenic			N/A					SCP2::NTRK1 is classified as a Likely Oncogenic NTRK fusion	SCP2::NTRK1 has been reported in one published breast cancer case. In this case, NTRK1 was listed as the 3’ partner (FG1). Additionally, the fusion breakpoint has been demonstrated to include the NTRK1 tyrosine kinase domain (TKD) (FG2). The fusion and NTRK1 TKD were stated to be in-frame according to the cBioportal sample (P-0044467) report (FG3). Expression of the fusion was detected by pan-TRK immunohistochemical staining (FS2). Collectively, the application of FG1+FG2+FG3+FS2, results in a classification of Likely Oncogenic for SCP2::NTRK1.	62	10898,10897	2023-12-11 17:18:16 UTC	https://civicdb.org/links/assertions/62	https://civicdb.org/links/evidence_items/10898,https://civicdb.org/links/evidence_items/10897	https://civicdb.org/links/molecular_profiles/4121	false
EML4::NTRK3 Fusion	4167	Solid Tumor				Oncogenic	Supports	Oncogenic			N/A					EML4::NTRK3 is classified as an oncogenic NTRK fusion.	The EML4 (EMAP Like 4)::NTRK3 (Neurotrophic receptor tyrosine kinase) fusion formed through a reciprocal t(2;15)(p21;q25). The chimeric fusion results from joining the 5′ part of EML4 (exon 2) with the 3′ exons of NTRK3 (exon 14) (FG1). The EML4::NTRK3 fusion preserves a small portion of the EML4 basic region and the entire protein kinase portion of NTRK3 (FG2). Whole genome sequencing and RNA seq reads identified in-frame EML4::NTRK3 fusion in these cases (FG3; civic.eid:10484). This fusion is documented in more than three solid tumor cases including cervical sarcoma, pancreatic ductal adenocarcinoma, colon adenocarcinoma, glioblastoma, and poorly differentiated thyroid carcinoma (CA1). In vitro studies showed evidence of oncogenic activation of the MAPK/ERK signaling pathway by the EML4::NTRK3 chimeric protein. Both in vitro and in vivo studies indicated tumorigenic phenotype of EML4::NTRK3 fusion gene (FS1; civic.eid:10638, civic.eid:10379). The IHC results using Pan-TRK positivity confirmed the diagnosis of NTRK fusion in all the cases, and sarcoma (FS2; civic.eid:10508, civic.eid:10485). Entrectinib (NTRK inhibitor) therapy decreased the disease burden in more than one case (CV). Collectively, FG1+FG2+FG3+CA1+FS1+FS2+CV, results in a classification of Oncogenic for EML4::NTRK3.	63	10507,10635,10638,11099,10483,11100,10379,10508,10484,10506	2026-03-06 17:43:25 UTC	https://civicdb.org/links/assertions/63	https://civicdb.org/links/evidence_items/10507,https://civicdb.org/links/evidence_items/10635,https://civicdb.org/links/evidence_items/10638,https://civicdb.org/links/evidence_items/11099,https://civicdb.org/links/evidence_items/10483,https://civicdb.org/links/evidence_items/11100,https://civicdb.org/links/evidence_items/10379,https://civicdb.org/links/evidence_items/10508,https://civicdb.org/links/evidence_items/10484,https://civicdb.org/links/evidence_items/10506	https://civicdb.org/links/molecular_profiles/4167	false
ZMIZ1::ABL1 Fusion	3138	B-lymphoblastic Leukemia/lymphoma, BCR-ABL1–like	0080650		Dasatinib	Predictive	Supports	Sensitivity/Response		Tier II - Level C				false	false	Case studies suggest Ph-like B-ALL with ZMIZ1::ABL1 responds to dasatinib	ZMIZ1::ABL1 is a fusion which contains in frame ABL1 with kinase domain. A ZMIZ1 proline rich domain is also contained in the fusion, and is thought to drive dimer formation, allowing for ABL1 kinase activation. The fusion has been reported in multiple patients with BCR::ABL1-like ALL. Transfection of ZMIZ1::ABL1 into Ba/F3 cells drives growth factor independent proliferation. In Ba/F3, ZMIZ1::ABL1 cells responded to tyrosine kinase inhibition from imatinib and dasatinib, and an 11 year old patient with Ph-like leukemia and poor response to conventional therapy demonstrated a possible response to treatment with dasatinib and chemotherapy. Clinical trial AALL1131 (NCT02883049) includes post induction dasatinib treatment for Ph-like HR B-ALL with ABL class fusions.	64	11120,9151,11119,11117	2023-02-27 19:18:47 UTC	https://civicdb.org/links/assertions/64	https://civicdb.org/links/evidence_items/11120,https://civicdb.org/links/evidence_items/9151,https://civicdb.org/links/evidence_items/11119,https://civicdb.org/links/evidence_items/11117	https://civicdb.org/links/molecular_profiles/3138	false
v::ALK Fusion	495	Lung Non-small Cell Carcinoma	3908		Ceritinib	Predictive	Supports	Sensitivity/Response		Tier I - Level A		Non-Small Cell Lung Cancer	2.2023	true	true	ALK fusion positive NSCLC is sensitive to ceritinib	"ALK fusions are found in approximately 5% of NSCLC patients. These fusions act as driver mutations through ligand-independent dimerization of ALK and constitutive downstream pathway activation. The second generation ALK/ROS1 inhibitor ceritinib was FDA-approved for ALK-positive metastatic NSCLC based on the phase 3 trial ASCEND-4 (NCT01828009) (civic.eid:11190) and the phase 1 trial ASCEND-1 (NCT01283516) (civic.eid:1175). The NCCN Guidelines list ceritinib as an ""other recommended"" option with the ALK inhibitors alectinib, brigatinib, and lorlatinib as the preferred first-line therapy for ALK rearranged metastatic NSCLC and recommend ceritinib as a subsequent therapy option for patients who progress on crizotinib (NCCN Guidelines Version 2.2023, Non-Small Cell Lung Cancer). The Ventana ALK (D5F3) CDx (an IHC assay detecting ALK protein expression) and FoundationOne Liquid CDx (an NGS assay detecting ALK rearrangements) are FDA approved as companion diagnostics for ceritinib."	65	7535,1237,7285,1175,11190	2026-03-06 17:25:12 UTC	https://civicdb.org/links/assertions/65	https://civicdb.org/links/evidence_items/7535,https://civicdb.org/links/evidence_items/1237,https://civicdb.org/links/evidence_items/7285,https://civicdb.org/links/evidence_items/1175,https://civicdb.org/links/evidence_items/11190	https://civicdb.org/links/molecular_profiles/495	false
v::ALK Fusion	495	Lung Non-small Cell Carcinoma	3908		Brigatinib	Predictive	Supports	Sensitivity/Response		Tier I - Level A		Non-Small Cell Lung Cancer	2.2023	true	true	ALK fusion positive NSCLC is sensitive to brigatinib	ALK fusions are found in approximately 5% of NSCLC patients. These fusions act as driver mutations through ligand-independent dimerization of ALK and constitutive downstream pathway activation. The second generation ALK/ROS1 inhibitor brigatinib was FDA-approved for ALK-positive metastatic NSCLC based on the phase 2 trial ALTA (NCT02094573) (civic.eid:4835) and the phase 3 trial ALTA-1L (NCT02737501) (civic.eid:11121). The NCCN Guidelines list brigatinib as well as alectinib and lorlatinib as preferred first-line therapy for ALK rearranged metastatic NSCLC and recommend brigatinib as a subsequent therapy option for patients who progress on crizotinib or who do not tolerate crizotinib (NCCN Guidelines Version 2.2023, Non-Small Cell Lung Cancer). Vysis ALK Break Apart FISH Probe Kit is FDA approved as companion diagnostics for brigatinib.	66	4835,7053,11121	2026-03-06 17:45:09 UTC	https://civicdb.org/links/assertions/66	https://civicdb.org/links/evidence_items/4835,https://civicdb.org/links/evidence_items/7053,https://civicdb.org/links/evidence_items/11121	https://civicdb.org/links/molecular_profiles/495	false
v::ALK Fusion	495	Lung Non-small Cell Carcinoma	3908		Lorlatinib	Predictive	Supports	Sensitivity/Response		Tier I - Level A		Non-Small Cell Lung Cancer	2.2023	true	true	ALK fusion positive NSCLC is sensitive to lorlatinib	ALK fusions are found in approximately 5% of NSCLC patients. These fusions act as driver mutations through ligand-independent dimerization of ALK and constitutive downstream pathway activation. The third generation, brain penetrant ALK/ROS1 inhibitor lorlatinib with activity against resistance mutations that arise with first and second generation ALK inhibitor treatment was FDA-approved for ALK-positive metastatic NSCLC based on the phase 2 trial NCT01970865 (civic.eid:7286, civic.eid:7590) and the phase 3 trial NCT03052608 (civic.eid:11191, civic.eid:11192). The NCCN Guidelines list lorlatinib as well as alectinib and brigatinib as preferred first-line therapy for ALK rearranged metastatic NSCLC and recommend lorlatinib as a subsequent therapy option for patients who progress on crizotinib or who do not tolerate crizotinib (NCCN Guidelines Version 2.2023, Non-Small Cell Lung Cancer). Ventana ALK (D5F3) CDx (an IHC assay detecting ALK protein expression) is FDA approved as companion diagnostics for lorlatinib.	67	7590,11191,11192,7286	2026-03-06 17:45:51 UTC	https://civicdb.org/links/assertions/67	https://civicdb.org/links/evidence_items/7590,https://civicdb.org/links/evidence_items/11191,https://civicdb.org/links/evidence_items/11192,https://civicdb.org/links/evidence_items/7286	https://civicdb.org/links/molecular_profiles/495	false
v::NTRK2 Fusion	2509	Solid Tumor			Larotrectinib	Predictive	Supports	Sensitivity/Response		Tier I - Level A				true	true	NTRK2 Fusions predict sensitivity to Larotrectinib in solid tumors	Larotrectinib is FDA approved for the treatment of adult and pediatric patients with solid tumors characterized by an NTRK gene fusion and without an acquired resistance mutation. Eligible patients have metastatic disease, have progressed on the treatment they’re receiving, are without other treatment options, and are not candidates for surgical resection of their tumor.	68	10392	2023-04-10 14:40:15 UTC	https://civicdb.org/links/assertions/68	https://civicdb.org/links/evidence_items/10392	https://civicdb.org/links/molecular_profiles/2509	false
v::NTRK3 Fusion	1251	Solid Tumor			Larotrectinib	Predictive	Supports	Sensitivity/Response		Tier I - Level A				true	true	NTRK3 Fusions predict sensitivity to Larotrectinib in solid tumors	Larotrectinib is FDA approved for the treatment of adult and pediatric patients with solid tumors characterized by an NTRK gene fusion and without an acquired resistance mutation. Eligible patients have metastatic disease, have progressed on the treatment they’re receiving, are without other treatment options, and are not candidates for surgical resection of their tumor.	69	6568	2023-04-10 14:43:12 UTC	https://civicdb.org/links/assertions/69	https://civicdb.org/links/evidence_items/6568	https://civicdb.org/links/molecular_profiles/1251	false
v::RET Fusion	1595	Lung Non-small Cell Carcinoma	3908		Selpercatinib	Predictive	Supports	Sensitivity/Response		Tier I - Level A		Non-Small Cell Lung Cancer	3.2023	true	true	RET fusion positive NSCLC is sensitive to selpercatinib	RET fusions are found in 1-2% of NSCLC and shown to be responsive to the selective RET inhibitor selpercatinib. Based on NCT03157128, the FDA has approved selpercatinib for RET fusion positive advanced or metastatic non-small cell lung cancer. Oncomine Dx Target Test has been FDA-approved for detecting RET fusions for selpercatinib use in NSCLC.	70	7066,7067,6948,8850	2023-05-05 16:29:53 UTC	https://civicdb.org/links/assertions/70	https://civicdb.org/links/evidence_items/7066,https://civicdb.org/links/evidence_items/7067,https://civicdb.org/links/evidence_items/6948,https://civicdb.org/links/evidence_items/8850	https://civicdb.org/links/molecular_profiles/1595	false
ETV6::NTRK3 Fusion	779	Congenital Mesoblastic Nephroma	4773	Pediatric onset		Diagnostic	Supports	Positive		Tier I - Level A						ETV6::NTRK3 is one of the diagnostic criteria for the cellular subtype of congenital mesoblastic nephroma	Congenital mesoblastic nephroma is a spindle cell renal tumor occurring in infancy (generally < 1 year of age). The cellular subtype is most frequently characterized by an ETV6::NTRK3 fusion (civic.eid:11279), (civic.eid:11280), (civic.eid:10841). The ETV6::NTRK3 fusion t(12;15)(p13;q25)results from joining the 5′ part of ETV6 encoding the helix–loop–helix (HLH) dimerization domain with the 3′ exons of NTRK3 encoding the protein tyrosine kinase domain (TKD). Consensus professional guidelines (WHO) list the detection of ETV6::NTRK3 fusion as one of the diagnostic criteria for the cellular subtype of mesoblastic nephroma (WHO classification of tumours series, 5th ed.; vol. 7).	71	11279,10841,11280	2026-07-06 16:48:27 UTC	https://civicdb.org/links/assertions/71	https://civicdb.org/links/evidence_items/11279,https://civicdb.org/links/evidence_items/10841,https://civicdb.org/links/evidence_items/11280	https://civicdb.org/links/molecular_profiles/779	false
SMARCB1 Loss	3071	SMARCB1-deficient Renal Medullary Carcinoma	0070475			Diagnostic	Supports	Positive		Tier I - Level A						Loss of the SMARCB1 is an essential diagnostic criteria for renal medullary carcinoma	SMARCB1-deficient renal medullary carcinoma is a high grade adenocarcinoma which occurs mainly in patients with sickle cell trait. SMARCB1 loss is largely due to inactivating intergenic rearrangements or deletions. Consensus professional guidelines (WHO) list SMARCB1 deficiency as an essential diagnostic criteria of renal medullary carcinoma (WHO classification of tumours series, 5th ed.; vol. 7).	72	11168,11167,11165	2024-04-28 15:56:59 UTC	https://civicdb.org/links/assertions/72	https://civicdb.org/links/evidence_items/11168,https://civicdb.org/links/evidence_items/11167,https://civicdb.org/links/evidence_items/11165	https://civicdb.org/links/molecular_profiles/3071	false
SMARCB1 Loss	3071	Poorly Differentiated Chordoma	0081417	Pediatric onset		Diagnostic	Supports	Positive		Tier I - Level A						Loss of the SMARCB1 is an essential diagnostic criteria for poorly differentiated chordoma	Poorly differentiated chordoma is an aggressive pediatric and young adult cancer originating from notochordal tissue and characterized by a loss of SMARCB1 staining. SMARCB1 loss is largely due loss of chromosome 22q (including the SMARCB1 locus) or more focal SMARCB1 gene deletion. Consensus professional guidelines (WHO) list loss of SMARCB1 expression as essential diagnostic criteria for poorly differentiated chordoma (WHO classification of tumours series, 5th ed.; vol. 7).	73	11340,11170,11336	2024-02-26 22:31:58 UTC	https://civicdb.org/links/assertions/73	https://civicdb.org/links/evidence_items/11340,https://civicdb.org/links/evidence_items/11170,https://civicdb.org/links/evidence_items/11336	https://civicdb.org/links/molecular_profiles/3071	false
ETV6::NTRK3 Fusion	779	Breast Secretory Carcinoma	4922	Adult onset,Pediatric onset		Diagnostic	Supports	Positive		Tier I - Level A						ETV6::NTRK3 is one of the diagnostic criteria for breast secretory carcinoma.	Breast secretory carcinoma is a rare breast cancer with a characteristic histology, associated with ETV6::NTRK3 fusions in the majority of cases (civicEID11343),(civicEID11344),(civicEID11345). The ETV6::NTRK3 fusion t(12;15)(p13;q25) results from joining the 5′ part of ETV6 encoding the helix–loop–helix (HLH) dimerization domain with the 3′ exons of NTRK3 encoding the protein tyrosine kinase domain (TKD). Consensus professional guidelines (WHO) list detection of ETV6 rearrangement or ETV6::NTRK3 as one of the diagnostic criteria for breast secretary carcinoma (WHO classification of tumours series, 5th ed.; vol. 2).	74	11345,11344,11343	2025-06-09 16:35:16 UTC	https://civicdb.org/links/assertions/74	https://civicdb.org/links/evidence_items/11345,https://civicdb.org/links/evidence_items/11344,https://civicdb.org/links/evidence_items/11343	https://civicdb.org/links/molecular_profiles/779	false
SS18::SSX1 Fusion	444	Synovial Sarcoma	5485	Juvenile onset,Young adult onset		Diagnostic	Supports	Positive		Tier I - Level A						SS18::SSX fusions are diagnostic for synovial sarcoma with SS18::SSX1 and SS18::SSX2 most common.	Synovial sarcoma is a malignant mesenchymal neoplasm that typically occurs around the joints and is most common in adolescents and young adults. Nearly all cases have an SS18::SSX translocation with the SS18::SSX1 found in two thirds of cases (civic.eid:1065), SS18::SSX2 in one third of cases (civic.eid:1066), and SS18::SSX4 seen more rarely (civic.eid:1074). Professional guidelines (WHO) list the SS18::SSX gene fusion or positive IHC for the SS18:SSX fusion protein as diagnostic criterion for synovial sarcoma (WHO classification of tumours series, 5th ed.; vol. 7).	75	1069,1066,1065,1063,1064,1070,1074	2026-05-01 22:14:19 UTC	https://civicdb.org/links/assertions/75	https://civicdb.org/links/evidence_items/1069,https://civicdb.org/links/evidence_items/1066,https://civicdb.org/links/evidence_items/1065,https://civicdb.org/links/evidence_items/1063,https://civicdb.org/links/evidence_items/1064,https://civicdb.org/links/evidence_items/1070,https://civicdb.org/links/evidence_items/1074	https://civicdb.org/links/molecular_profiles/444	false
EWSR1::WT1 Fusion	2810	Desmoplastic Small Round Cell Tumor	6785	Young adult onset,Juvenile onset		Diagnostic	Supports	Positive		Tier I - Level A						EWSR1::WT1 is diagnostic for desmoplastic small round cell tumor	Desmoplastic small round cell tumor is a rare, aggressive mesenchymal cancer that primarily affects male children and young adults, characterized by a pathognomonic EWSR1::WT1 fusion. Professional guidelines (WHO) list the EWSR1::WT1 fusion as a desirable diagnostic criteria for desmoplastic small round cell tumor (WHO classification of tumours series, 5th ed.; vol. 7).	76	11405,11406,11407	2024-02-12 01:31:15 UTC	https://civicdb.org/links/assertions/76	https://civicdb.org/links/evidence_items/11405,https://civicdb.org/links/evidence_items/11406,https://civicdb.org/links/evidence_items/11407	https://civicdb.org/links/molecular_profiles/2810	false
RET Mutation	1598	Medullary Thyroid Carcinoma	3973		Selpercatinib	Predictive	Supports	Sensitivity/Response		Tier I - Level A		Thyroid Carcinoma	2.2023	true	true	Select RET mutations in medullary thyroid cancer are sensitive to selpercatinib	Activating mutations in RET (e.g. M918T, V804M/L, mutations at extracellular cysteines) are found in 70% of medullar thyroid cancer. The highly selective RET inhibitor selpercatinib has been FDA-approved for RET mutation-positive advanced or metastatic medullary thyroid cancer based on a high rate of durable responses in NCT03157128 (civicEID8851). NCCN lists selpercatinib as a preferred regimen for RET mutation positive thyroid medullary carcinoma (NCCN Guidelines Version 2.2023, Thyroid Carcinoma). Oncomine Dx Target Test has been FDA-approved for detecting RET mutations for selpercatinib use in medullary thyroid cancer.	77	6950,8851,8919,7068,7070	2023-06-29 20:01:28 UTC	https://civicdb.org/links/assertions/77	https://civicdb.org/links/evidence_items/6950,https://civicdb.org/links/evidence_items/8851,https://civicdb.org/links/evidence_items/8919,https://civicdb.org/links/evidence_items/7068,https://civicdb.org/links/evidence_items/7070	https://civicdb.org/links/molecular_profiles/1598	false
v::RET Fusion	1595	Thyroid Cancer	1781		Selpercatinib	Predictive	Supports	Sensitivity/Response		Tier I - Level A		Thyroid Carcinoma	2.2023	true	true	RET fusion positive thyroid cancer is sensitive to selpercatinib	Activating RET fusions are found in a range of thyroid cancers with CCDC6::RET and NCOA4::RET being two of the most common fusions reported. The highly selective RET inhibitor selpercatinib is highly effective and has been FDA-approved for RET fusion positive advanced or metastatic thyroid cancer that is radioactive iodine-refractory based on NCT03157128 (civicEID8852). Oncomine Dx Target Test has been FDA-approved for detecting RET fusions for selpercatinib use in thyroid cancer.	78	7069,8852	2023-07-25 15:54:25 UTC	https://civicdb.org/links/assertions/78	https://civicdb.org/links/evidence_items/7069,https://civicdb.org/links/evidence_items/8852	https://civicdb.org/links/molecular_profiles/1595	false
CIC::DUX4 Fusion	3121	CIC-rearranged Sarcoma	0081250	Pediatric onset,Adult onset		Diagnostic	Supports	Positive		Tier I - Level A						CIC::DUX4 is a desirable diagnostic criteria for CIC-rearranged sarcoma	Previously described as a Ewing-like round cell sarcoma, CIC-rearranged sarcoma is now designated as a separate entity (ICD-O 9367/3). CIC rearrangements are characteristic of this high-grade round cell sarcoma with the CIC::DUX4 fusion found in 95% of cases. Professional guidelines (WHO) list CIC gene rearrangements as desirable diagnostic criteria for CIC-rearranged sarcoma (WHO classification of tumours series, 5th ed.; vol. 7).	79	9012,11594,11595,10112	2024-02-12 01:15:28 UTC	https://civicdb.org/links/assertions/79	https://civicdb.org/links/evidence_items/9012,https://civicdb.org/links/evidence_items/11594,https://civicdb.org/links/evidence_items/11595,https://civicdb.org/links/evidence_items/10112	https://civicdb.org/links/molecular_profiles/3121	false
BCOR ITD	4547	Kidney Clear Cell Sarcoma	4880	Childhood onset,Infantile onset,Pediatric onset		Diagnostic	Supports	Positive		Tier I - Level A						BCOR ITD is a desirable diagnostic criteria for clear cell sarcoma of kidney	Clear cell sarcoma of the kidney is a rare renal cancer in children with the majority harboring an internal tandem duplication in BCOR (BCOR ITD) associated with BCOR overexpression. Professional guidelines (WHO) list BCOR ITD, BCOR::CCNB3, or YWHAE::NUTM2 as desirable diagnostic criteria for clear cell sarcoma of the kidney (WHO classification of tumours series, 5th ed.; vol. 7).	80	11423,10802,11424,10801	2024-04-16 14:49:13 UTC	https://civicdb.org/links/assertions/80	https://civicdb.org/links/evidence_items/11423,https://civicdb.org/links/evidence_items/10802,https://civicdb.org/links/evidence_items/11424,https://civicdb.org/links/evidence_items/10801	https://civicdb.org/links/molecular_profiles/4547	false
EZH2 Y646N	3958	Follicular Lymphoma	0050873		Tazemetostat	Predictive	Supports	Sensitivity/Response		Tier I - Level A		B-Cell Lymphomas	4.2023	true	true	Tazemetostat has been withdrawn for treatment of follicular lymphoma with EZH2 Y646N	EZH2 Y646N is in the SET domain and found in somatic mutations in follicular lymphoma. Y646N mutation leads to widespread deregulation of H3K27me3, a chromatin mark associated with transcriptional repression, and subsequent chromatin structure reorganization. In a preclinical study, EZH2 Y646N–mutant KARPAS-422 cell line showed strong sensitivity to tazemetostat (250 nmol/L), with marked cytotoxicity and increased apoptosis, in contrast to EZH2–wild-type cell lines (civic.EID:11049). Tazemetostat showed higher anti-tumor activity in relapsed/refractory follicular lymphoma patients with activating (gain-of-function) EZH2 mutations (objective response rate 69%; cobas EZH2 Mutation Test) compared to EZH2–wild-type patients (ORR 35%) (civic.EID:9709), supporting its use in patients with prior systemic therapy or those without satisfactory alternative treatment options. These findings are supported by clinical efficacy data from two open-label, single-arm cohorts: in Japanese adult FL patients with EZH2 activating mutations, tazemetostat at 800 mg twice daily achieved an ORR of 76.5%, including complete and partial responses (civic.EID:11109), while in DLBCL patients with EZH2 mutations, tazemetostat also showed partial responses (civic.EID:11110). Early-phase studies in relapsed or refractory B-cell lymphomas demonstrated that tazemetostat treatment is generally well tolerated and shows promising antitumor activity, including patients with EZH2 mutations (civic.EID:11220, civic.EID:11107, civic.EID:11108). After accelerated FDA approval in 2020, Tazemetostat (Tazverik) was voluntarily withdrawn from all markets and indications on March 9, 2026, after an independent data monitoring committee identified cases of secondary hematologic malignancies in the SYMPHONY-1 trial. In addition, the FDA issued a Drug Alert detailing the increased rate of hematologic secondary primary malignancies (SPMs) associated to the drug. It was reported that 18 out of 318 (5.7%) of patients treated with Tazemetostat developed hematologic SPMs, with no SPM events in the control arm. Most of the SPMs were myelodysplastic syndrome or acute myeloid leukemia.	81	11110,11220,11108,11112,9709,11109,11049,11107	2026-05-26 19:44:34 UTC	https://civicdb.org/links/assertions/81	https://civicdb.org/links/evidence_items/11110,https://civicdb.org/links/evidence_items/11220,https://civicdb.org/links/evidence_items/11108,https://civicdb.org/links/evidence_items/11112,https://civicdb.org/links/evidence_items/9709,https://civicdb.org/links/evidence_items/11109,https://civicdb.org/links/evidence_items/11049,https://civicdb.org/links/evidence_items/11107	https://civicdb.org/links/molecular_profiles/3958	true
EZH2 Y646H	3232	Follicular Lymphoma	0050873		Tazemetostat	Predictive	Supports	Sensitivity/Response		Tier I - Level A		B-Cell Lymphomas	4.2023	true	true	Tazemetostat has been withdrawn for treatment of follicular lymphoma with EZH2 Y646H.	The mutation leads to widespread deregulation of H3K27me3, a chromatin mark associated with transcriptional repression, resulting in altered chromatin structure and gene expression programs. Follicular lymphoma patients harboring EZH2 Y646H mutations are predicted to be sensitive to tazemetostat, with clinical evidence supporting increased overall response rates in EZH2-mutant cohorts compared to EZH2 wild-type cohorts (civic.EID:9709, civic.EID:11109, civic.EID:11110). Across multiple phase I/II studies, tazemetostat demonstrated durable and clinically meaningful responses in relapsed/refractory B-cell lymphomas, particularly in genetically defined EZH2-mutant populations, with generally manageable safety profiles (civic.EID:11220, civic.EID:9377, civic.EID:11107, civic.EID:11108). After accelerated FDA approval in 2020, Tazemetostat (Tazverik) was voluntarily withdrawn from all markets and indications on March 9, 2026, after an independent data monitoring committee identified cases of secondary hematologic malignancies in the SYMPHONY-1 trial. In addition, the FDA issued a Drug Alert detailing the increased rate of hematologic secondary primary malignancies (SPMs) associated to the drug. It was reported that 18 out of 318 (5.7%) of patients treated with Tazemetostat developed hematologic SPMs, with no SPM events in the control arm. Most of the SPMs were myelodysplastic syndrome or acute myeloid leukemia.	82	11220,11107,11108,11109,11110,9709,9377	2026-05-28 18:51:31 UTC	https://civicdb.org/links/assertions/82	https://civicdb.org/links/evidence_items/11220,https://civicdb.org/links/evidence_items/11107,https://civicdb.org/links/evidence_items/11108,https://civicdb.org/links/evidence_items/11109,https://civicdb.org/links/evidence_items/11110,https://civicdb.org/links/evidence_items/9709,https://civicdb.org/links/evidence_items/9377	https://civicdb.org/links/molecular_profiles/3232	true
EZH2 Y646S	2535	Follicular Lymphoma	0050873		Tazemetostat	Predictive	Supports	Sensitivity/Response		Tier I - Level A		B-Cell Lymphomas	4.2023	true	true	Tazemetostat has been withdrawn for treatment of follicular lymphoma with EZH2 Y646S	EZH2 Y646S is an activating mutation that confers a neomorphic protein function with oncogenic potential, contributing to the development of B-cell malignancies, including follicular lymphoma. This alteration leads to aberrant trimethylation of H3K27, a chromatin mark associated with transcriptional repression, resulting in widespread epigenetic dysregulation and altered chromatin structure. Patients with EZH2-mutant follicular lymphoma are predicted to be responsive to tazemetostat, which has demonstrated clinically meaningful and durable activity with higher response rates in EZH2-mutant compared to wild-type cohorts (civic.EID:9709). Additional clinical studies further support the efficacy and tolerability of tazemetostat in relapsed or refractory B-cell non-Hodgkin lymphoma, particularly in EZH2-mutant disease (civic.EID:11109; civic.EID:11220). After accelerated FDA approval in 2020, Tazemetostat (Tazverik) was voluntarily withdrawn from all markets and indications on March 9, 2026, after an independent data monitoring committee identified cases of secondary hematologic malignancies in the SYMPHONY-1 trial. In addition, the FDA issued a Drug Alert detailing the increased rate of hematologic secondary primary malignancies (SPMs) associated to the drug. It was reported that 18 out of 318 (5.7%) of patients treated with Tazemetostat developed hematologic SPMs, with no SPM events in the control arm. Most of the SPMs were myelodysplastic syndrome or acute myeloid leukemia.	83	11108,11109,9709,11110,11107,11220	2026-05-28 18:47:06 UTC	https://civicdb.org/links/assertions/83	https://civicdb.org/links/evidence_items/11108,https://civicdb.org/links/evidence_items/11109,https://civicdb.org/links/evidence_items/9709,https://civicdb.org/links/evidence_items/11110,https://civicdb.org/links/evidence_items/11107,https://civicdb.org/links/evidence_items/11220	https://civicdb.org/links/molecular_profiles/2535	true
EZH2 Y646C	3475	Follicular Lymphoma	0050873		Tazemetostat	Predictive	Supports	Sensitivity/Response		Tier I - Level A		B-Cell Lymphomas	4.2023	true	true	Tazemetostat has been withdrawn for treatment of follicular lymphoma with EZH2 Y646C	EZH2 Y646C is an activating mutation that confers a neomorphic protein function with oncogenic potential, contributing to the development of B-cell malignancies, including follicular lymphoma. This alteration leads to aberrant trimethylation of H3K27, a chromatin mark associated with transcriptional repression, resulting in widespread epigenetic dysregulation and chromatin reorganization. Patients with EZH2-mutant follicular lymphoma are predicted to be responsive to tazemetostat, which has demonstrated clinically meaningful and durable activity, with higher response rates observed in EZH2-mutant compared to wild-type cohorts (civic.EID:9709). Additional clinical studies further support the efficacy and tolerability of tazemetostat in relapsed or refractory B-cell non-Hodgkin lymphoma, including EZH2-mutant disease (civic.EID:11109; civic.EID:11220). After accelerated FDA approval in 2020, Tazemetostat (Tazverik) was voluntarily withdrawn from all markets and indications on March 9, 2026, after an independent data monitoring committee identified cases of secondary hematologic malignancies in the SYMPHONY-1 trial. In addition, the FDA issued a Drug Alert detailing the increased rate of hematologic secondary primary malignancies (SPMs) associated to the drug. It was reported that 18 out of 318 (5.7%) of patients treated with Tazemetostat developed hematologic SPMs, with no SPM events in the control arm. Most of the SPMs were myelodysplastic syndrome or acute myeloid leukemia.	84	11107,11108,9709,11109,11220,11110	2026-05-28 18:54:43 UTC	https://civicdb.org/links/assertions/84	https://civicdb.org/links/evidence_items/11107,https://civicdb.org/links/evidence_items/11108,https://civicdb.org/links/evidence_items/9709,https://civicdb.org/links/evidence_items/11109,https://civicdb.org/links/evidence_items/11220,https://civicdb.org/links/evidence_items/11110	https://civicdb.org/links/molecular_profiles/3475	true
KIT D816V	65	Systemic Mastocytosis	349		Imatinib	Predictive	Supports	Resistance		Tier I - Level A		Systemic Mastocytosis	3.2026	true	true	KIT D816V is resistant to imatinib in systemic mastocytosis	KIT D816V is located within the activation loop of the KIT kinase domain and is a recurrent somatic hotspot mutation in systemic mastocytosis (civic.EID:12913, civic.EID:12917). D816V constitutively activates KIT, promoting ligand-independent signaling and uncontrolled mast cell proliferation (civic.EID:12411). D816V disrupts interactions within the activation loop and weakens JMR–kinase domain interactions, destabilizing the inactive KIT conformation and reducing effective imatinib binding (civic.EID:12915). Consistent with this mechanism, systemic mastocytosis patients harboring KIT D816V exhibit resistance to imatinib, with diminished clinical responses compared with patients harboring wild-type KIT (civic.EID:8360, civic.EID:11160, civic.EID:11369). Thus, imatinib is not expected to provide clinical benefit in systemic mastocytosis patients harboring KIT D816V, and alternative therapeutic approaches are recommended. The KIT D816V Assay (ARUP Laboratories, Inc.) received an FDA-companion diagnostic approval on December 18, 2015.	85	12915,12913,12917,11369,12411,11160,8360,2451,7465	2026-08-12 18:51:52 UTC	https://civicdb.org/links/assertions/85	https://civicdb.org/links/evidence_items/12915,https://civicdb.org/links/evidence_items/12913,https://civicdb.org/links/evidence_items/12917,https://civicdb.org/links/evidence_items/11369,https://civicdb.org/links/evidence_items/12411,https://civicdb.org/links/evidence_items/11160,https://civicdb.org/links/evidence_items/8360,https://civicdb.org/links/evidence_items/2451,https://civicdb.org/links/evidence_items/7465	https://civicdb.org/links/molecular_profiles/65	false
QKI::NTRK2 Fusion	4564	Cancer	162			Oncogenic	Supports	Oncogenic			N/A					QKI::NTRK2 is an oncogenic fusion seen in CNS tumors.	QKI::NTRK2 has been found in gliomas and astrocytomas, The fusion transcript contains the Qua1 dimerization domain of QKI fused to the tyrosine kinase domain of NTRK2. Oncogenicity assessment utilizing ClinGen NTRK SC-VCEP Guidelines yields the following criteria: FG1, FG2, and FG3, since NTRK2 is the 3' partner, retains the tyrosine kinase domain (TKD), and the TKD is in-frame (civicEID:11449)(civicEID:11438). The fusion is described in at least 3 cases (CA1). QKI is found in other cancer associated fusions such as QKI::RAF1 (PMID: 30517658, 28806393) (CA2). QKI::NTRK2 induces transformation in cells and tumors in mice (civicEID:11450, FS1). Collectively, the application of FG1+FG2+FG3+CA1+FS1, results in a classification of Oncogenic for QKI::NTRK2.	86	11451,11449,11437,11438,11450	2025-10-28 21:11:48 UTC	https://civicdb.org/links/assertions/86	https://civicdb.org/links/evidence_items/11451,https://civicdb.org/links/evidence_items/11449,https://civicdb.org/links/evidence_items/11437,https://civicdb.org/links/evidence_items/11438,https://civicdb.org/links/evidence_items/11450	https://civicdb.org/links/molecular_profiles/4564	false
ZFTA::v Fusion	4566	Supratentorial Ependymoma, ZFTA Fusion–positive	0081252	Adult onset,Pediatric onset		Diagnostic	Supports	Positive		Tier I - Level A						ZFTA fusions are essential diagnostic criteria for supratentorial ependymoma, ZFTA fusion–positive	Supratentorial ependymoma, ZFTA fusion–positive is a circumscribed supratentorial glioma with a ZFTA (formerly C11orf95; HGNC:28449) fusion that occurs in both children and adults. The majority of cases (~70%) harbor ZFTA::RELA fusions with a smaller number harboring alternative ZFTA fusions such as ZFTA::NCOA1, ZFTA::NCOA2, and ZFTA::MAML2. Professional guidelines (WHO) list ZFTA fusions as essential diagnostic criteria for supratentorial ependymoma, ZFTA fusion–positive and a DNA methylation profile meeting the appropriate calibrated score thresholds for supratentorial ependymoma, ZFTA fusion–positive as desirable diagnostic criteria (WHO classification of tumours series, 5th ed.; vol. 7). Of note, this tumor type was previously designated supratentorial ependymoma, RELA fusion–positive.	87	8627,11448,11432,11430,11428,11429,8628	2024-08-12 16:57:39 UTC	https://civicdb.org/links/assertions/87	https://civicdb.org/links/evidence_items/8627,https://civicdb.org/links/evidence_items/11448,https://civicdb.org/links/evidence_items/11432,https://civicdb.org/links/evidence_items/11430,https://civicdb.org/links/evidence_items/11428,https://civicdb.org/links/evidence_items/11429,https://civicdb.org/links/evidence_items/8628	https://civicdb.org/links/molecular_profiles/4566	false
DICER1 RNase IIIb Mutation AND DICER1 Loss-of-function	4579	Anaplastic Sarcoma Of The Kidney	0081418	Pediatric onset		Diagnostic	Supports	Positive		Tier I - Level A						The combination of a DICER1 loss-of-function mutation and a DICER1 RNase IIIB mutation is a desirable diagnostic criteria for anaplastic sarcoma of the kidney.	Anaplastic sarcoma of the kidney is an extremely rare pediatric kidney tumor described as a multi-patterned cystic and solid sarcoma with anaplasia driven by DICER1 mutations. Consistent with other tumors associated with the DICER1 tumor predisposition syndrome, anaplastic sarcomas of the kidney typically have a truncating loss-of-function DICER1 mutation (that is often but not always germline) and a somatic RNase IIIb missense mutation with altered miRNA processing activity. Professional guidelines (WHO) list biallelic DICER1 pathogenic sequence variants as a desirable diagnostic criteria of anaplastic sarcoma of the kidney (WHO classification of tumours series, 5th ed.; vol. 7).	88	11473,11471,11472	2024-02-26 22:39:39 UTC	https://civicdb.org/links/assertions/88	https://civicdb.org/links/evidence_items/11473,https://civicdb.org/links/evidence_items/11471,https://civicdb.org/links/evidence_items/11472	https://civicdb.org/links/molecular_profiles/4579	false
DICER1 RNase IIIb Mutation AND DICER1 Loss-of-function	4579	Gynandroblastoma				Diagnostic	Supports	Positive		Tier I - Level A						The combination of a DICER1 loss-of-function mutation and a DICER1 RNase IIIb mutation is a desirable diagnostic criteria for gynandroblastoma	Gynandroblastoma is a composite sex cord–stromal tumour with elements of of Sertoli-Leydig cell tumor and granulosa cell tumor and a subset of cases are associated with mutations in DICER1 (civicEID:11478), (civicEID:11480), (civicEID:11481). Professional guidelines (WHO) list DICER1 RNase IIIb domain mutations as a desirable diagnostic criteria of gynandroblastoma (WHO classification of tumours series, 5th ed.; vol. 7).	89	11481,11480,11478	2023-07-30 00:00:29 UTC	https://civicdb.org/links/assertions/89	https://civicdb.org/links/evidence_items/11481,https://civicdb.org/links/evidence_items/11480,https://civicdb.org/links/evidence_items/11478	https://civicdb.org/links/molecular_profiles/4579	true
DICER1 RNase IIIb Mutation AND DICER1 Loss-of-function	4579	Pituitary Blastoma	0081244	Infantile onset,Childhood onset		Diagnostic	Supports	Positive		Tier I - Level A						DICER1 alterations (most often a a DICER1 RNase IIIB mutation coupled with a DICER1 loss-of-function mutation) are an essential diagnostic criteria for pituitary blastoma.	Pituitary blastoma is a rare embryonal neoplasm of the sellar region that occurs in infants < 2 years of age. Consistent with other tumors associated with the DICER1 tumor predisposition syndrome, pituitary blastomas typically have a truncating loss-of-function DICER1 mutation (that is often germline) and a somatic RNase IIIb domain missense mutation. Professional guidelines (WHO) list DICER1 alterations as an essential diagnostic criteria of pituitary blastoma (WHO classification of tumours series, 5th ed.; vol. 7).	90	11482,11483	2024-03-02 18:12:27 UTC	https://civicdb.org/links/assertions/90	https://civicdb.org/links/evidence_items/11482,https://civicdb.org/links/evidence_items/11483	https://civicdb.org/links/molecular_profiles/4579	false
PAX5 P80R	2566	B-lymphoblastic Leukemia/lymphoma With PAX5 P80R				Diagnostic	Supports	Positive		Tier I - Level A						PAX5 p.P80R as essential diagnostic criteria of the provisional B lymphoblastic leukaemia with PAX5 p.P80R subtype of B-lymphoblastic leukaemia/lymphoma with other defined genetic alterations (WHO classification of tumours series, 5th ed.; vol. 11).	PAX5 missense variant p.Pro80Arg defines a genetic subtype of B-lymphoblastic leukemia characterized by a distinctive expression profile and recognized in the WHO and ICC classification. PAX5 P80R B-ALL accounts for approximately 2% of childhood B-ALLs. All cases feature the universal P80R (p.Pro80Arg) mutation and a deletion or mutation of the remaining PAX5 allele. Mutations in RAS and JAK signaling genes are common as secondary changes.	91	7290,11519,7291	2023-11-07 08:32:40 UTC	https://civicdb.org/links/assertions/91	https://civicdb.org/links/evidence_items/7290,https://civicdb.org/links/evidence_items/11519,https://civicdb.org/links/evidence_items/7291	https://civicdb.org/links/molecular_profiles/2566	true
NTRK3::SCAPER Fusion	4120	Pigmented Epithelioid Melanocytoma				Oncogenic	Supports	Uncertain Significance			N/A					The NTRK3::SCAPER fusion has uncertain oncogenic significance.	The novel NTRK3::SCAPER fusion was seen in a case of a 4 year old girl with a scalp lesion diagnosed as pigmented epithelioid melanocytoma (PEM). This fusion consisted of NTRK3 exons 1 to 7 and SCAPER exons 13 to 31 formed by an interstitial deletion in Chromosome 15q24.3q25.3 region. In this novel case, the 3’ end of NTRK3 was deleted along with the 5’ end of SCAPER eliminating the likelihood of the presence of a reciprocal functional fusion. NTRK3 is not the 3’ partner and the fusion does not include the NTRK3 tyrosine kinase domain (FG1, FG2, and FG3 are not met). This fusion has no known other cancer association or functional assessment. Due to not meeting FG1, FG2, or FG3, NTRK3::SCAPER is unlikely to activate NTRK, but its unknown if the fusion impacts on tumor biology through alternative means and is therefore categorized as a fusion of unknown significance (FUS).	92	11526	2025-10-13 19:07:02 UTC	https://civicdb.org/links/assertions/92	https://civicdb.org/links/evidence_items/11526	https://civicdb.org/links/molecular_profiles/4120	true
FOXR2 Rearrangement	4620	CNS Neuroblastoma With FOXR2 Activation	0080906	Pediatric onset		Diagnostic	Supports	Positive		Tier I - Level A						FOXR2 activation by structural rearrangement is a diagnostic criterion for CNS neuroblastoma, FOXR2-activated.	CNS neuroblastoma, FOXR2-activated, is a rare pediatric embryonal tumor characterized by activation of the FOXR2 gene. This activation typically results from structural rearrangements involving upstream regions of FOXR2, including inter- and intra-chromosomal rearrangements with other genomic loci. These alterations retain the full FOXR2 coding sequence and lead to elevated FOXR2 expression, likely driven by enhancer hijacking or promoter switching. According to the 5th edition of the WHO Classification of Tumors of the Central Nervous System, FOXR2 activation through gene fusions or structural rearrangements is a molecular feature of CNS neuroblastoma, FOXR2-activated. While high FOXR2 expression is a feature of this entity, it may be observed in a subset of other tumors, including certain high grade gliomas and, rarely, medulloblastomas. Importantly, FOXR2-activated CNS neuroblastoma forms a distinct DNA methylation cluster, making methylation profiling a valuable tool for its accurate diagnosis.	93	12521,11527,11528	2025-10-29 22:18:15 UTC	https://civicdb.org/links/assertions/93	https://civicdb.org/links/evidence_items/12521,https://civicdb.org/links/evidence_items/11527,https://civicdb.org/links/evidence_items/11528	https://civicdb.org/links/molecular_profiles/4620	false
BCOR ITD	4547	Central Nervous System Tumor With BCOR Internal Tandem Duplication	0081315	Pediatric onset		Diagnostic	Supports	Positive		Tier I - Level A						BCOR internal tandem duplication is an essential diagnostic criterion for CNS tumor with BCOR ITD (WHO classification of tumours series, 5th ed.; vol. 6).	CNS tumor with BCOR ITD are characterized by BCOR exon 15 ITD (internal tandem duplication). Professional guidelines (WHO) list an ITD in exon 15 of BCOR as an essential diagnostic criterion with a DNA methylation profile aligned with CNS tumor with BCOR ITD as essential for unresolved cases. BCOR ITDs are present in 3% of CNS high grade neuroepithelial tumors, with variable morphological features including a oval to spindle shaped cells, in solid growth patterns or with perivascular pseudorosettes. Gene expression of BCOR has been shown to be increased in CNS tumor with BCOR ITD. BCOR immunohistochemistry is a sensitive marker for CNS tumor with BCOR ITD.	95	10800,10887,11581,10804	2023-12-18 21:12:58 UTC	https://civicdb.org/links/assertions/95	https://civicdb.org/links/evidence_items/10800,https://civicdb.org/links/evidence_items/10887,https://civicdb.org/links/evidence_items/11581,https://civicdb.org/links/evidence_items/10804	https://civicdb.org/links/molecular_profiles/4547	false
EWSR1::FLI1 Fusion	687	Ewing Sarcoma	3369	Young adult onset,Pediatric onset		Diagnostic	Supports	Positive		Tier I - Level A						EWSR1::FLI1 is pathognomonic for and supports the diagnosis of Ewing sarcoma	Ewing sarcoma is a small round cell sarcoma of soft tissue or bone typically found in children and young adults that harbors a gene fusion involving one member of the FET family of genes (EWSR1, FUS, TAF15) and a member of the ETS family of transcription factors (FLI1, ERG, ETV1, ETV4, FEV). EWSR1::FLI1 t(11;22)(q24;q12) is the most common FET::ETS fusion found in 85-90% of Ewing sarcoma cases. Consensus professional guidelines (WHO) list detection of a FET::ETS fusion (such as EWSR1::FLI1) as a desirable diagnostic criteria of Ewing sarcoma (WHO classification of tumours series, 5th ed.; vol. 7).	97	1753,1754,1752,10337,478	2024-02-12 02:09:17 UTC	https://civicdb.org/links/assertions/97	https://civicdb.org/links/evidence_items/1753,https://civicdb.org/links/evidence_items/1754,https://civicdb.org/links/evidence_items/1752,https://civicdb.org/links/evidence_items/10337,https://civicdb.org/links/evidence_items/478	https://civicdb.org/links/molecular_profiles/687	false
EWSR1::ERG Fusion	4668	Ewing Sarcoma	3369	Pediatric onset,Young adult onset		Diagnostic	Supports	Positive		Tier I - Level A						EWSR1::ERG is pathognomonic for and supports the diagnosis of Ewing sarcoma	Ewing sarcoma is a small round cell sarcoma of soft tissue or bone typically found in children and young adults that harbors a gene fusion involving one member of the FET family of genes (EWSR1, FUS, TAF15) and a member of the ETS family of transcription factors (FLI1, ERG, ETV1, ETV4, FEV). EWSR1::ERG t(21;22)(q22;q12) is the second most common FET::ETS fusion found in 5-10% of Ewing sarcoma cases. Of note, multiple studies have reported difficulty detecting EWSR1::ERG rearrangements by karyotyping or FISH due to the complexity of the rearrangment and recommend other methods such as RT-PCR for greater sensitivity. Consensus professional guidelines (WHO) list detection of a FET::ETS fusion (such as EWSR1::ERG) as a desirable diagnostic criteria for Ewing sarcoma (WHO classification of tumours series, 5th ed.; vol. 7).	98	10338,475,11603	2024-02-12 02:26:50 UTC	https://civicdb.org/links/assertions/98	https://civicdb.org/links/evidence_items/10338,https://civicdb.org/links/evidence_items/475,https://civicdb.org/links/evidence_items/11603	https://civicdb.org/links/molecular_profiles/4668	false
LMNA::NTRK1 Fusion	1252	Lipofibromatosis-like Neural Tumor	0080894			Diagnostic	Supports	Positive		Tier I - Level A						LMNA::NTRK1 is one of the diagnostic criteria for lipofibromatosis-like neural tumors (LPF-NTs).	Lipofibromatosis-like neural tumors (LPF-NTs) are an emerging type of spindle cell tumor typically defined by the presence of an infiltrative, lipofibromatosis-like pattern, CD34 and S100 positivity, negative for SOX10, and typically involving the subcutaneous soft tissue. This tumor type is most often observed in the pediatric and young adult population. Neurotrophic receptor tyrosine kinase 1 (NTRK1) is frequently rearranged in this cancer type with LMNA::NTRK1 being one of the most common fusions found in LPF-NT, observed in about 40% of NTRK1 rearranged cases. LMNA::NTRK1 is one of the diagnostic criteria for lipofibromatosis-like neural tumors (LPF-NTs).	99	7293,11576,11577,6391,11650	2025-06-09 16:40:56 UTC	https://civicdb.org/links/assertions/99	https://civicdb.org/links/evidence_items/7293,https://civicdb.org/links/evidence_items/11576,https://civicdb.org/links/evidence_items/11577,https://civicdb.org/links/evidence_items/6391,https://civicdb.org/links/evidence_items/11650	https://civicdb.org/links/molecular_profiles/1252	false
LMNA::NTRK1 Fusion	1252	Cancer	162		Entrectinib	Predictive	Supports	Sensitivity/Response		Tier I - Level A				true	true	LMNA::NTRK1 positive tumors demonstrate response to entrectinib	Entrectinib, a TRK inhibitor, is an FDA-approved drug for patients with solid tumors positive for NTRK fusions who meet FDA label criteria. The LMNA::NTRK1 fusion results from an intrachromosomal deletion on chromosome 1 that brings LMNA adjacent to NTRK1 with the NTRK1 tyrosine kinase domain retained. Multiple LMNA::NTRK1 fusion-positive patients with solid tumors treated with entrectinib have demonstrated complete or partial responses. Additionally, multiple in vitro studies have shown cell lines transduced to express LMNA::NTRK1 show sensitivity to entrectinib treatment.	100	11124,11354,11578,10095,2948,8900,2960	2025-10-13 19:06:20 UTC	https://civicdb.org/links/assertions/100	https://civicdb.org/links/evidence_items/11124,https://civicdb.org/links/evidence_items/11354,https://civicdb.org/links/evidence_items/11578,https://civicdb.org/links/evidence_items/10095,https://civicdb.org/links/evidence_items/2948,https://civicdb.org/links/evidence_items/8900,https://civicdb.org/links/evidence_items/2960	https://civicdb.org/links/molecular_profiles/1252	false
LMNA::NTRK1 Fusion	1252	Cancer	162			Oncogenic	Supports	Oncogenic			N/A					LMNA::NTRK1 is classified as an Oncogenic NTRK fusion.	The LMNA::NTRK1 fusion results from an intrachromosomal deletion on chromosome 1 that brings LMNA adjacent to NTRK1 with NTRK1 as the 3’ partner gene in each case (FG1). Additionally, the fusion junctions reported are predicted to retain the intact NTRK1 tyrosine kinase domain (TKD) (FG2) and the TKD to be in-frame (FG3). This fusion has been reported in over five individual cases (CA1). The LMNA::NTRK1 fusion has demonstrated response to NTRK targeted treatments (entrectinib and larotrectinib) in multiple cases (CV). Patient-derived xenograft and lentiviral mediated overexpression of LMNA::NTRK1 in cell lines demonstrated increased fusion phosphorylation and downstream activation of kinase targets (FS1). Expression of the fusion has been detected by pan-Trk immunohistochemical staining (FS2). Collectively, FG1+FG2+FG3+CA1+CV+FS1+FS2, results in an Oncogenic classification for LMNA::NTRK1 via the ClinGen NTRK SC-VCEP fusion oncogenicity rules.	101	8878,8900,10095,8904,8902,6100,11349,8903,2960,11576,6391,11577,11578,9588,8901,11354,11650,2955,11346	2024-05-13 17:08:54 UTC	https://civicdb.org/links/assertions/101	https://civicdb.org/links/evidence_items/8878,https://civicdb.org/links/evidence_items/8900,https://civicdb.org/links/evidence_items/10095,https://civicdb.org/links/evidence_items/8904,https://civicdb.org/links/evidence_items/8902,https://civicdb.org/links/evidence_items/6100,https://civicdb.org/links/evidence_items/11349,https://civicdb.org/links/evidence_items/8903,https://civicdb.org/links/evidence_items/2960,https://civicdb.org/links/evidence_items/11576,https://civicdb.org/links/evidence_items/6391,https://civicdb.org/links/evidence_items/11577,https://civicdb.org/links/evidence_items/11578,https://civicdb.org/links/evidence_items/9588,https://civicdb.org/links/evidence_items/8901,https://civicdb.org/links/evidence_items/11354,https://civicdb.org/links/evidence_items/11650,https://civicdb.org/links/evidence_items/2955,https://civicdb.org/links/evidence_items/11346	https://civicdb.org/links/molecular_profiles/1252	false
TPM3::NTRK1 Fusion	2861	Solid Tumor		Pediatric onset,Adult onset	Larotrectinib	Predictive	Supports	Sensitivity/Response		Tier I - Level A				true	true	TPM3::NTRK1 positive solid tumors are reported to show objective response to larotrectinib therapy.	Larotrectinib, a TRK inhibitor, is an FDA-approved drug for patients with solid tumors positive for NTRK fusions who meet FDA label criteria. Multiple patients with TPM3::NTRK3 fusion-positive solid tumors treated with larotrectinib have demonstrated complete or partial responses including patients with infantile fibrosarcoma (civic.EID:6101), spindle cell sarcoma (civic.EID:7419), papillary thyroid carcinoma (civic.EID:8042) and lung carcinoma (civic.EID:11692).	102	8042,6101,7419,11692,6567,11703	2025-10-13 19:06:35 UTC	https://civicdb.org/links/assertions/102	https://civicdb.org/links/evidence_items/8042,https://civicdb.org/links/evidence_items/6101,https://civicdb.org/links/evidence_items/7419,https://civicdb.org/links/evidence_items/11692,https://civicdb.org/links/evidence_items/6567,https://civicdb.org/links/evidence_items/11703	https://civicdb.org/links/molecular_profiles/2861	false
TPR::NTRK1 Fusion	3333	Cancer	162	Adult onset,Pediatric onset		Oncogenic	Supports	Oncogenic			N/A					TPR::NTRK1 Fusions are oncogenic in multiple cancer types	TPR::NTRK1 was seen in a pediatric patient with a lipofibromatosis-like tumor. NTRK1 was the 3 prime partner (FG1), contained the full kinase domain (FG2), and was in frame (FG3) in the tumor cells (civic.EID:11704). The TPR::NTRK1 fusion has subsequently been in observed in over 5 tumors (CA1) including mesenchymal tumors, spindle cell neoplasms, thyroid cancer, and glioma. A case study showed considerable response to larotrectinib (CV) in a TPR::NTRK1 positive microsattelite instability-high colorectal cancer patient (civic.EID:11706). The listed evidence indicates the fusion to be oncogenic utilizing the ClinGen NTRK Fusion Somatic Cancer Variant Curation Expert Panel criteria (FG1+FG2+FG3+CA1+CV).	103	11747,11704,11705,9589,11746,11748,11851,11744,11706	2024-09-09 16:17:59 UTC	https://civicdb.org/links/assertions/103	https://civicdb.org/links/evidence_items/11747,https://civicdb.org/links/evidence_items/11704,https://civicdb.org/links/evidence_items/11705,https://civicdb.org/links/evidence_items/9589,https://civicdb.org/links/evidence_items/11746,https://civicdb.org/links/evidence_items/11748,https://civicdb.org/links/evidence_items/11851,https://civicdb.org/links/evidence_items/11744,https://civicdb.org/links/evidence_items/11706	https://civicdb.org/links/molecular_profiles/3333	false
EZH2 A692V	4342	Follicular Lymphoma	0050873		Tazemetostat	Predictive	Supports	Sensitivity/Response		Tier I - Level A		B-Cell Lymphomas	1.2024	true	true	Tazemetostat has been withdrawn for treatment of follicular lymphoma with EZH2 A692V	EZH2 A692V is an activating mutation that confers a neomorphic enzymatic function, resulting in increased H3K27 trimethylation (H3K27me3) and altered chromatin regulation, which contributes to oncogenic potential and supports the development of B-cell malignancies (civic.EID:11700). Functional studies in B-ALL models further demonstrate that cells harboring analogous EZH2 activating mutations exhibit strong dependency on EZH2 activity and enhanced sensitivity to EZH2 inhibition, supporting a targetable vulnerability (civic.EID:11707). Clinically, EZH2 mutations are associated with improved response to the EZH2 inhibitor tazemetostat in relapsed or refractory follicular lymphoma, with higher objective response rates observed in mutant compared to wild-type cases, indicating therapeutic relevance of EZH2 mutation status (civic.EID:9709). After accelerated FDA approval in 2020, Tazemetostat (Tazverik) was voluntarily withdrawn from all markets and indications on March 9, 2026, after an independent data monitoring committee identified cases of secondary hematologic malignancies in the SYMPHONY-1 trial. In addition, the FDA issued a Drug Alert detailing the increased rate of hematologic secondary primary malignancies (SPMs) associated to the drug. It was reported that 18 out of 318 (5.7%) of patients treated with Tazemetostat developed hematologic SPMs, with no SPM events in the control arm. Most of the SPMs were myelodysplastic syndrome or acute myeloid leukemia.	104	11707,9709,11700	2026-05-28 18:56:47 UTC	https://civicdb.org/links/assertions/104	https://civicdb.org/links/evidence_items/11707,https://civicdb.org/links/evidence_items/9709,https://civicdb.org/links/evidence_items/11700	https://civicdb.org/links/molecular_profiles/4342	true
EGFR L858R	33	Lung Non-small Cell Carcinoma	3908		Gefitinib	Predictive	Supports	Sensitivity/Response		Tier I - Level A		Non-Small Cell Lung Cancer	3.2018	true	true	Non-small cell lung cancer with EGFR L858R mutation is sensitive to gefitinib.	L858R is among the most common sensitizing EGFR mutations in NSCLC, and is assessed via DNA mutational analysis including Sanger sequencing and next generation sequencing methods. Tyrosine kinase inhibitor gefitinib is associated with improved progression free survival over chemotherapy in EGFR L858R patients.	105	276,11241,2634,229,2621,3811,1665	2024-02-13 22:28:17 UTC	https://civicdb.org/links/assertions/105	https://civicdb.org/links/evidence_items/276,https://civicdb.org/links/evidence_items/11241,https://civicdb.org/links/evidence_items/2634,https://civicdb.org/links/evidence_items/229,https://civicdb.org/links/evidence_items/2621,https://civicdb.org/links/evidence_items/3811,https://civicdb.org/links/evidence_items/1665	https://civicdb.org/links/molecular_profiles/33	false
ASPSCR1::TFE3 Fusion	3490	Alveolar Soft Part Sarcoma	4239	Adult onset,Early young adult onset,Childhood onset,Young adult onset		Diagnostic	Supports	Positive		Tier I - Level A						ASPSCR1::TFE3 is diagnostic for alveolar soft part sarcoma	Alveolar soft part sarcoma (ASPS) is a rare malignant soft tissue tumor affecting children and adults, most frequently seen in young adults. ASPS is characterized by a nonreciprocal chromosomal translocation, der(17)t(X;17)(p11.2;q25) resulting in a ASPSCR1::TFE3 gene fusion. Professional guidelines (WHO) list strong and diffuse nuclear TFE3 expression by IHC as essential diagnostic criteria and TFE3 rearrangement or ASPSCR1::TFE3 fusion detection as a desirable diagnostic criteria for alveolar soft part sarcoma (WHO classification of tumours series, 5th ed.; vol. 7).	106	11530,11531,9978	2024-02-20 18:11:07 UTC	https://civicdb.org/links/assertions/106	https://civicdb.org/links/evidence_items/11530,https://civicdb.org/links/evidence_items/11531,https://civicdb.org/links/evidence_items/9978	https://civicdb.org/links/molecular_profiles/3490	false
v::TFE3 Fusion	3598	Renal Cell Carcinoma With MiT Translocations	0081413			Diagnostic	Supports	Positive		Tier I - Level A						TFE3 fusions are diagnostic for renal cell carcinoma with MiT translocations and correspond to those with a Xp11 translocation	Renal cell carcinomas with MiT translocations (tRCC) are rare kidney tumours associated with either a chromosome 6p21 or Xp11 translocation and occur in both children and adults, but are more common in children. TRCC with a Xp11 translocation are associated with oncogenic activation of TFE3, driven by fusions with multiple gene partners including SFPQ, ASPSCR1, PRCC, among others. Professional guidelines (WHO) list strong nuclear labelling of TFE3 or identification of TFE3 fusion as essential diagnostic criteria for TFE3-rearranged renal cell carcinoma (Xp11 translocation renal cell carcinoma), a subtype of renal cell carcinoma with MiT translocations (WHO classification of tumours series, 5th ed.; vol. 7).	107	11683,11533,10150,11701,11532	2024-02-20 18:09:12 UTC	https://civicdb.org/links/assertions/107	https://civicdb.org/links/evidence_items/11683,https://civicdb.org/links/evidence_items/11533,https://civicdb.org/links/evidence_items/10150,https://civicdb.org/links/evidence_items/11701,https://civicdb.org/links/evidence_items/11532	https://civicdb.org/links/molecular_profiles/3598	false
v::TFEB Fusion	4747	Renal Cell Carcinoma With MiT Translocations	0081413			Diagnostic	Supports	Positive		Tier I - Level A						TFEB fusions are diagnostic for renal cell carcinoma with MiT translocations and correspond to those with a 6p21 translocation	Renal cell carcinomas with MiT translocations (TRCC) are rare kidney tumours associated with either a chromosome 6p21 or Xp11 translocation and occur in both children and adults, but are more common in children. TRCC with a 6p21 translocation are associated with oncogenic activation of TFEB, most frequently driven by fusions with Alpha (MALAT1). Professional guidelines (WHO) list strong nuclear labelling of TFEB or identification of TFEB fusion as essential diagnostic criteria for TFEB-rearranged renal cell carcinoma (6p21 translocation renal cell carcinoma), a subtype of renal cell carcinoma with MiT translocations (WHO classification of tumours series, 5th ed.; vol. 7).	108	11534,11535,11539	2024-02-20 21:43:48 UTC	https://civicdb.org/links/assertions/108	https://civicdb.org/links/evidence_items/11534,https://civicdb.org/links/evidence_items/11535,https://civicdb.org/links/evidence_items/11539	https://civicdb.org/links/molecular_profiles/4747	false
YAP1::TFE3 Fusion	4622	Malignant Epithelioid Hemangioendothelioma	0080190			Diagnostic	Supports	Positive		Tier I - Level A						YAP1::TFE3 fusion is diagnostic for a subtype of epithelioid haemangioendothelioma	Epithelioid haemangioendothelioma (EHE) is a rare vascular infiltrative tumor that mainly develops in young through to older adulthood. EHE harbor either the WWTR1::CAMTA1 or a YAP1::TFE3 gene fusion. YAP1::TFE3 EHE are associated with unusual histopathologic features and clinical characteristics compared to conventional EHE, which is driven by the WWTR1::CAMTA1 fusion. Professional guidelines (WHO) list TFE3 immunoreactivity as an essential diagnostic criteria and molecular detection of the YAP1::TFE3 fusion as a desirable diagnostic criteria for the subtype of epithelioid haemangioendothelioma with YAP1::TFE3 fusion (WHO classification of tumours series, 5th ed.; vol. 7).	109	11536,11538,11682,11537	2024-02-20 15:04:30 UTC	https://civicdb.org/links/assertions/109	https://civicdb.org/links/evidence_items/11536,https://civicdb.org/links/evidence_items/11538,https://civicdb.org/links/evidence_items/11682,https://civicdb.org/links/evidence_items/11537	https://civicdb.org/links/molecular_profiles/4622	false
TCF3::PBX1 Fusion	4800	B-lymphoblastic Leukemia/lymphoma With TCF3-PBX1	0080649	Pediatric onset		Diagnostic	Supports	Positive		Tier I - Level A						The presence of TCF3::PBX1 fusion is required for the diagnosis of B-lymphoblastic leukaemia/lymphoma with TCF3::PBX1 fusion	The chimeric oncoprotein from the TCF3::PBX1 fusion, resulting from t(1;19)(q23;q13.3) rearrangement, brings together the N-terminal transactivation domain of TCF3 and the C-terminal DNA-binding domain of PBX1, leading to altered gene regulations that contribute to the development of B-ALL. TCF3 NM_003200.3 exon 16 is typically fused to PBX1 NM_002585.3 exon 3. Of note, the TCF3::PBX1 fusion gene could be found in 0.6% of healthy newborns suggesting that it originates prenatally and is thus likely an early, initiating oncogenic event. B-ALL/LBL with TCF3::PBX1 presents distinct clinical features and prognostic implications and is more common in children than in adults. Professional guidelines (WHO) list demonstration of the TCF3::PBX1 rearrangement as essential diagnostic criteria for B-lymphoblastic leukemia/lymphoma with TCF3::PBX1 fusion (WHO classification of tumours series, 5th ed.; vol. 11).	110	11717,11771,11772,11719	2024-07-16 19:56:45 UTC	https://civicdb.org/links/assertions/110	https://civicdb.org/links/evidence_items/11717,https://civicdb.org/links/evidence_items/11771,https://civicdb.org/links/evidence_items/11772,https://civicdb.org/links/evidence_items/11719	https://civicdb.org/links/molecular_profiles/4800	false
TPR::NTRK1 Fusion	3333	Solid Tumor		Infantile onset,Childhood onset,Adult onset	Larotrectinib	Predictive	Supports	Sensitivity/Response		Tier I - Level A				true	true	Solid tumors with TPR::NTRK1 fusion are responsive to Larotrectinib	Larotrectinib has been approved by the FDA to treat NTRK fusion-positive solid tumors that meet FDA label criteria. Responses to adjuvant larotrectinib treatment have been reported in patients with TPR::NTRK1 associated tumors including: infant-type hemispheric glioma (civic.EID:11746). advanced-stage papillary thyroid carcinoma in pediatric and adult patients (civic.EID:11748) (civic.EID:11747), non-small cell lung cancer (NSCLC) (civic.EID:11744), and colorectal cancer (civic.EID:11706).	111	11744,11747,6567,11706,11748,11746	2026-02-06 15:50:48 UTC	https://civicdb.org/links/assertions/111	https://civicdb.org/links/evidence_items/11744,https://civicdb.org/links/evidence_items/11747,https://civicdb.org/links/evidence_items/6567,https://civicdb.org/links/evidence_items/11706,https://civicdb.org/links/evidence_items/11748,https://civicdb.org/links/evidence_items/11746	https://civicdb.org/links/molecular_profiles/3333	false
MET Exon 14 Skipping Mutation	320	Lung Non-small Cell Carcinoma	3908	Adult onset	Tepotinib	Predictive	Supports	Sensitivity/Response		Tier I - Level A		Non-Small Cell Lung Cancer	2.2024	true	false	MET exon 14 skipping alterations in NSCLC are sensitive to the MET inhibitor tepotinib	Alterations that result in the loss of transcription of MET exon 14 due to point mutations, insertions, deletions, or large-scale whole-exon deletions are found in 3-4% of NSCLC patients and lead to impaired MET ubiquitination and degradation, resulting in increased MET signaling . As a result of the phase 2 trial NCT02864992, the FDA approved the MET inhibitor tepotinib in 2021 for adults with metastatic NSCLC harboring exon 14 skipping MET alterations. Of note tepotinib has shown significant clinical benefit in both treatment-naive and pre-treated patients and shown activity against brain metastases.	112	11695,11464,11465,8848,11463,11460,11766,11476,11415,11477,7272	2024-03-14 16:52:33 UTC	https://civicdb.org/links/assertions/112	https://civicdb.org/links/evidence_items/11695,https://civicdb.org/links/evidence_items/11464,https://civicdb.org/links/evidence_items/11465,https://civicdb.org/links/evidence_items/8848,https://civicdb.org/links/evidence_items/11463,https://civicdb.org/links/evidence_items/11460,https://civicdb.org/links/evidence_items/11766,https://civicdb.org/links/evidence_items/11476,https://civicdb.org/links/evidence_items/11415,https://civicdb.org/links/evidence_items/11477,https://civicdb.org/links/evidence_items/7272	https://civicdb.org/links/molecular_profiles/320	false
MYB Rearrangement	4218	Angiocentric Glioma	0081261	Adult onset,Pediatric onset		Diagnostic	Supports	Positive		Tier I - Level A						MYB rearrangements, mainly MYB::QKI fusions, are desirable diagnostic criteria for angiocentric glioma	Angiocentric glioma is a rare, CNS WHO grade 1 glioma with a diffuse growth pattern and a focal angiocentricity. Almost all angiocentric gliomas have a MYB::QKI gene fusion, and the remainder generally have another MYB alteration. MYB is a transcription factor that is upregulated when structural rearrangements result in truncation of its C-terminal negative-regulatory domain. Professional guidelines (WHO) list the presence of a MYB alteration or a DNA methylation profile meeting the appropriate calibrated score thresholds for diffuse glioma, MYB- or MYBL1-altered as desirable diagnostic criteria for angiocentric glioma (WHO classification of tumours series, 5th ed.; vol. 7).	113	11775,11769,11773,11774	2024-08-12 17:00:16 UTC	https://civicdb.org/links/assertions/113	https://civicdb.org/links/evidence_items/11775,https://civicdb.org/links/evidence_items/11769,https://civicdb.org/links/evidence_items/11773,https://civicdb.org/links/evidence_items/11774	https://civicdb.org/links/molecular_profiles/4218	false
MYB Rearrangement	4218	Diffuse Astrocytoma, MYB- Or MYBL1-altered	0081279	Adult onset,Childhood onset,Juvenile onset		Diagnostic	Supports	Positive		Tier I - Level A						A rearrangement involving MYB or MYBL1 is an essential diagnostic criterion for diffuse astrocytoma, MYB- or MYBL1-altered	Diffuse astrocytoma, MYB- or MYBL1-altered, is a rare, CNS WHO grade 1, diffusely infiltrative astroglial neoplasm with genetic alterations in MYB or MYBL1 associated with epileptic seizures in children and adults. MYB and MYBL1 are closely related transcriptional transactivators that become upregulated when structural rearrangements result in truncation of their C-terminal negative-regulatory domain. Professional guidelines (WHO) list the presence of a structural MYB or MYBL1 variant or a DNA methylation profile meeting the appropriate calibrated score thresholds for diffuse astrocytoma, MYB- or MYBL1-altered as essential diagnostic criteria for diffuse astrocytoma, MYB- or MYBL1-altered (WHO classification of tumours series, 5th ed.; vol. 7).	114	11776,11778,11777,11790	2024-08-12 16:56:55 UTC	https://civicdb.org/links/assertions/114	https://civicdb.org/links/evidence_items/11776,https://civicdb.org/links/evidence_items/11778,https://civicdb.org/links/evidence_items/11777,https://civicdb.org/links/evidence_items/11790	https://civicdb.org/links/molecular_profiles/4218	false
MYBL1 Rearrangement	4878	Diffuse Astrocytoma, MYB- Or MYBL1-altered	0081279	Adult onset,Juvenile onset,Childhood onset		Diagnostic	Supports	Positive		Tier I - Level A						A rearrangement involving MYB or MYBL1 is an essential diagnostic criterion for diffuse astrocytoma, MYB- or MYBL1-altered	Diffuse astrocytoma, MYB- or MYBL1-altered is a rare, CNS WHO grade 1, diffusely infiltrative astroglial neoplasm with genetic alterations in MYB or MYBL1 associated with epileptic seizures in children and adults. MYB and MYBL1 are closely related transcriptional transactivators that become upregulated when structural rearrangements result in truncation of the C-terminal negative-regulatory domain. Professional guidelines (WHO) list the presence of a structural MYB or MYBL1 variant or a DNA methylation profile meeting the appropriate calibrated score thresholds for diffuse astrocytoma, MYB- or MYBL1-altered as essential diagnostic criteria for diffuse astrocytoma, MYB- or MYBL1-altered (WHO classification of tumours series, 5th ed.; vol. 7).	115	11779,11780,11781	2024-08-12 16:55:58 UTC	https://civicdb.org/links/assertions/115	https://civicdb.org/links/evidence_items/11779,https://civicdb.org/links/evidence_items/11780,https://civicdb.org/links/evidence_items/11781	https://civicdb.org/links/molecular_profiles/4878	false
YWHAE::NUTM2A Fusion OR YWHAE::NUTM2B Fusion OR YWHAE::NUTM2E Fusion	5283	Kidney Clear Cell Sarcoma	4880			Diagnostic	Supports	Positive		Tier I - Level A						YWHAE::NUTM2 fusions are a desirable diagnostic criteria for a subset of clear cell sarcoma of kidney	Clear cell sarcoma of the kidney is a rare renal cancer in young children that most frequently harbors an internal tandem duplication in BCOR (BCOR ITD) with a smaller percentage of cases harboring BCOR::CCNB3 or YWHAE::NUTM2B/E fusions which also upregulate BCOR levels. Professional guidelines (WHO) list BCOR ITD, BCOR::CCNB3, or YWHAE::NUTM2 as desirable diagnostic criteria for clear cell sarcoma of the kidney (WHO classification of tumours series, 5th ed.; vol. 7).	116	11782,11783,11784	2026-04-01 19:35:50 UTC	https://civicdb.org/links/assertions/116	https://civicdb.org/links/evidence_items/11782,https://civicdb.org/links/evidence_items/11783,https://civicdb.org/links/evidence_items/11784	https://civicdb.org/links/molecular_profiles/5283	false
FGFR3 K508M	3918	Cancer	162			Oncogenic	Supports	Likely Benign			OP1,OP4,SBS2					FGFR3 K508M is classified as Likely Benign according to the FGFR SC-VCEP Oncogenicity specifications.	In vitro studies indicate that the K508M is a kinase-dead variant that renders the receptor catalytically inactive while preserving its ability to bind ligand, dimerize, and traffic to the cell membrane. Across multiple independent studies, six disease/cell models (PC12, multiple myeloma, pancreatic cancer, nasopharyngeal carcinoma, cervical cancer, chondrocytes), and multiple independent signaling readouts (phosphorylation, adaptor recruitment, MAPK, PI3K, STAT activation, proliferation, transformation, morphological differentiation), K508M has been uniformly demonstrated to be biologically inert with no oncogenic or transforming potential (civic.EID:11796, civic.EID:11797, civic.EID:11799, civic.EID:11806, civic.EID:11807) (SBS2). The K508M variant has a score greater than 0.7 (0.98) from the REVEL in silico prediction tool (OP1). The K508M variant is absent in the gnomAD database or present at a minor allele frequency of less than 0.0001 (Grpmax Filtering AF, 95% confidence) (OP4). These codes lead to an Oncogenicity score of -2 (SBS2 [-4]; OP1 [1]; OP4 [1]). Therefore, FGFR3 K508M is classified as Likely Benign according to the FGFR SC-VCEP Oncogenicity specifications.	117	11806,11805,11798,11797,11796,11803,11802,11807,11799,11800,11801,11804	2026-08-07 16:49:42 UTC	https://civicdb.org/links/assertions/117	https://civicdb.org/links/evidence_items/11806,https://civicdb.org/links/evidence_items/11805,https://civicdb.org/links/evidence_items/11798,https://civicdb.org/links/evidence_items/11797,https://civicdb.org/links/evidence_items/11796,https://civicdb.org/links/evidence_items/11803,https://civicdb.org/links/evidence_items/11802,https://civicdb.org/links/evidence_items/11807,https://civicdb.org/links/evidence_items/11799,https://civicdb.org/links/evidence_items/11800,https://civicdb.org/links/evidence_items/11801,https://civicdb.org/links/evidence_items/11804	https://civicdb.org/links/molecular_profiles/3918	false
RUNX1::RUNX1T1 Fusion	2995	Acute Myeloid Leukemia With T(8;21); (q22; Q22.1)	0081093	Adult onset,Pediatric onset		Diagnostic	Supports	Positive		Tier I - Level A						RUNX1::RUNX1T1 fusion, typically resulting from a reciprocal t(8;21)(q22;q22), is an essential diagnostic criterion for a subtype of acute myeloid leukemia (AML) designated as AML with t(8;21)/RUNX1::RUNX1T1	AML with t(8;21)/RUNX1::RUNX1T1 accounts for approximately 1–5% of AML cases. It is characterized by a fusion of the RUNX family transcription factor 1 gene (RUNX1) located in 21q22 and the RUNX1 partner transcriptional co-repressor 1 gene (RUNX1T1) located in 8q22. The fusion is typically formed by a reciprocal translocation t(8;21)(q22;q22). The translocation joins the 5' portion of the RUNX1 to the 3' portion of RUNX1T1 oriented from telomere to centromere on the der(8) chromosome. AML with t(8;21) shows some characteristic morphologic and immunophenotypic findings. It is associated with a favorable outcome. Professional guidelines (WHO) list the detection of RUNX1::RUNX1T1 as an essential diagnostic criteria and detection of t(8;21)(q22;q22) as desirable diagnostic criteria for acute myeloid leukemia with RUNX1::RUNX1T1 fusion (WHO classification of tumours series, 5th ed.; vol. 11).	118	11878,11879,11880,11882	2024-04-18 12:52:38 UTC	https://civicdb.org/links/assertions/118	https://civicdb.org/links/evidence_items/11878,https://civicdb.org/links/evidence_items/11879,https://civicdb.org/links/evidence_items/11880,https://civicdb.org/links/evidence_items/11882	https://civicdb.org/links/molecular_profiles/2995	false
YAP1::v Fusion	4954	Supratentorial Ependymoma, YAP1 Fusion–positive	0081253	Pediatric onset		Diagnostic	Supports	Positive		Tier I - Level A						YAP1 fusions are essential diagnostic criteria for supratentorial ependymoma, YAP1 fusion-positive	Supratentorial ependymoma, YAP1 fusion–positive is a circumscribed supratentorial glioma with a YAP1 fusion that occurs predominantly in young children. The majority of cases harbor YAP1::MAMLD1 fusions with a smaller number harboring alternative YAP1 fusions such as YAP1::FAM118B. Professional guidelines (WHO) list YAP1 fusions as essential diagnostic criteria for supratentorial ependymoma, YAP1 fusion–positive and a DNA methylation profile meeting the appropriate calibrated score thresholds for supratentorial ependymoma, YAP1 fusion–positive as desirable diagnostic criteria (WHO classification of tumours series, 5th ed.; vol. 7).	119	11889,11888,11890	2024-08-12 17:06:23 UTC	https://civicdb.org/links/assertions/119	https://civicdb.org/links/evidence_items/11889,https://civicdb.org/links/evidence_items/11888,https://civicdb.org/links/evidence_items/11890	https://civicdb.org/links/molecular_profiles/4954	false
BCOR ITD	4547	Sarcoma With BCOR Genetic Alterations	0081402	Pediatric onset		Diagnostic	Supports	Positive		Tier I - Level A						BCOR internal tandem duplication (ITD) is a desirable diagnostic criteria for sarcoma with BCOR genetic alterations	Sarcoma with BCOR genetic alterations is a rare pediatric sarcoma harboring BCOR fusions or internal tandem duplications (ITD). BCOR ITDs are present in >50% of undifferentiated round cell sarcomas and primitive myxoid mesenchymal tumors of infancy. The size of the ITD varies within this tumor type, with the most common sizes being 66 and 96 bp. Professional guidelines (WHO) list the presence of a genetic abnormality of BCOR (BCOR fusion or BCOR ITD) as a desirable criterion for the diagnosis of sarcoma with BCOR genetic alterations (WHO classification of tumours series, 5th ed.; vol. 7). Immunohistochemical expression of BCOR is a sensitive marker for sarcoma with BCOR genetic alterations.	120	11589,11525,11524	2024-04-14 17:37:29 UTC	https://civicdb.org/links/assertions/120	https://civicdb.org/links/evidence_items/11589,https://civicdb.org/links/evidence_items/11525,https://civicdb.org/links/evidence_items/11524	https://civicdb.org/links/molecular_profiles/4547	false
BCOR::CCNB3 Fusion	3120	Sarcoma With BCOR Genetic Alterations	0081402	Pediatric onset		Diagnostic	Supports	Positive		Tier I - Level A						BCOR fusion (most commonly BCOR::CCNB3) is diagnostic criterion for sarcoma with BCOR genetic alterations.	Sarcoma with BCOR genetic alterations is a rare pediatric sarcoma harboring BCOR fusions or internal tandem duplications (ITD). BCOR::CCNB3 is the most common fusion, although rare cases have been reported with other partners such as BCOR::MAML3. Professional guidelines (WHO) list the presence of a genetic abnormality of BCOR (BCOR fusion or BCOR ITD) as a diagnostic criterion for sarcoma with BCOR genetic alterations (WHO classification of tumours series, 5th ed.; vol. 7).	121	12568,11590,9011,10111	2025-11-18 20:17:58 UTC	https://civicdb.org/links/assertions/121	https://civicdb.org/links/evidence_items/12568,https://civicdb.org/links/evidence_items/11590,https://civicdb.org/links/evidence_items/9011,https://civicdb.org/links/evidence_items/10111	https://civicdb.org/links/molecular_profiles/3120	false
BCOR::CCNB3 Fusion	3120	Kidney Clear Cell Sarcoma	4880	Juvenile onset		Diagnostic	Supports	Positive		Tier I - Level A						BCOR::CCNB3 fusions are a desirable diagnostic criteria for a subset of clear cell sarcoma of kidney	Clear cell sarcoma of the kidney is a rare renal cancer in young children that most frequently harbors an internal tandem duplication in BCOR (BCOR ITD) with a smaller percentage of cases harboring BCOR::CCNB3 or YWHAE::NUTM2B/E fusions which also upregulate BCOR levels. Professional guidelines (WHO) list BCOR ITD, BCOR::CCNB3, or YWHAE::NUTM2 as desirable diagnostic criteria for clear cell sarcoma of the kidney (WHO classification of tumours series, 5th ed.; vol. 7).	122	12005,12004,12003	2024-04-16 12:30:01 UTC	https://civicdb.org/links/assertions/122	https://civicdb.org/links/evidence_items/12005,https://civicdb.org/links/evidence_items/12004,https://civicdb.org/links/evidence_items/12003	https://civicdb.org/links/molecular_profiles/3120	false
UFD1::NTRK2 e6::e7	5038	Osteosarcoma	3347			Oncogenic	Supports	Benign			N/A					UFD1::NTRK2 e6::e7 is classified as a benign NTRK fusion.	The rare and novel UFD1::NTRK2 e6::e7 was found in a single case of osteosarcoma with lung metastases. In this case, NTRK2 is the 3’ partner (FG1) and the breakpoint allows for the inclusion of the NTRK2 tyrosine kinase domain (TKD) (FG2). However, sequencing predicted a frameshift that would introduce a premature stop codon upstream of the NTRK2 TKD, thereby interrupting the TKD’s translation. Furthermore, RNA sequencing demonstrated a lack of NTRK2 expression, and immunohistochemistry for pan‐TRK was negative in the tumor sample, indicating a lack of protein expression (FSN). Therefore, given the limited evidence (FG1+FG2+FSN) UFD1::NTRK2 e6::e7 is classified as a benign NTRK fusion.	123	11697	2025-10-31 01:54:39 UTC	https://civicdb.org/links/assertions/123	https://civicdb.org/links/evidence_items/11697	https://civicdb.org/links/molecular_profiles/5038	false
RALGPS2::NTRK3 e1::e4	4894	Osteosarcoma	3347			Oncogenic	Supports	Benign			N/A					RALGPS2::NTRK3 e1::e4 is classified as a benign NTRK fusion.	The rare RALGPS2::NTRK3 fusion e1::e4 was found in a single case of osteosarcoma. NTRK3 is the 3’ partner (FS1), but the fusion sequence does not support the creation of a chimeric protein. Sequencing analysis determined this fusion contained an in‐frame start codon just after the breakpoint, but lacked an endogenous start codon. Additional analysis with RNA-seq demonstrated the absence of transcription of the NTRK3 tyrosine kinase domain and lack of pan-TRK immunohistochemical expression in the tumor sample (FSN). In summary, given the limited evidence (FS1+FSN) RALGPS2::NTRK3 e1::e4 is classified as a benign NTRK fusion.	124	11699	2025-10-31 02:21:05 UTC	https://civicdb.org/links/assertions/124	https://civicdb.org/links/evidence_items/11699	https://civicdb.org/links/molecular_profiles/4894	false
WWTR1::CAMTA1 Fusion	723	Malignant Epithelioid Hemangioendothelioma	0080190	Young adult onset,Adult onset,Juvenile onset		Diagnostic	Supports	Positive		Tier I - Level A						WWTR1::CAMTA1 fusion is diagnostic for the majority of epithelioid hemangioendothelioma	Epithelioid hemangioendothelioma (EHE) is a rare vascular infiltrative tumor that develops across a wide age range. The majority of EHE harbor the WWTR1::CAMTA1 fusion (-90%), and in the remaining cases a YAP1::TFE3 gene fusion is frequently detected. Professional guidelines (WHO) list immunoreactivity for CAMTA1 as essential diagnostic criteria and confirmation of WWTR1::CAMTA1 fusion as desirable diagnostic criteria for epithelioid hemangioendothelioma (WHO classification of tumours series, 5th ed.; vol. 7).	125	12017,12019,1805	2024-06-18 14:53:23 UTC	https://civicdb.org/links/assertions/125	https://civicdb.org/links/evidence_items/12017,https://civicdb.org/links/evidence_items/12019,https://civicdb.org/links/evidence_items/1805	https://civicdb.org/links/molecular_profiles/723	false
v::NUTM1 Fusion	5151	NUT Midline Carcinoma	0060463			Diagnostic	Supports	Positive		Tier I - Level A						NUTM1 fusion is an essential diagnostic criteria for NUT carcinoma	NUT carcinoma is a rare aggressive carcinoma with a rearrangement of the NUTM1 gene. In the majority (>75%) of cases, NUTM1 is fused with BRD4, but fusions with other BRD4-interacting proteins such as BRD3, NSD3, ZNF532, and ZNF592 have been reported. Professional guidelines (WHO) list NUTM1 IHC staining or detection of a NUTM1 rearrangement by a molecular technique as essential diagnostic criteria and demonstration of the NUT carcinoma–related partner gene as desirable diagnostic criteria for NUT carcinoma (WHO classification of tumours series, 5th ed.; vol. 7).	126	12049,12051,12050,12009	2024-06-14 17:28:45 UTC	https://civicdb.org/links/assertions/126	https://civicdb.org/links/evidence_items/12049,https://civicdb.org/links/evidence_items/12051,https://civicdb.org/links/evidence_items/12050,https://civicdb.org/links/evidence_items/12009	https://civicdb.org/links/molecular_profiles/5151	false
SQSTM1::NTRK1 Fusion	778	Solid Tumor		Pediatric onset,Adult onset	Larotrectinib	Predictive	Supports	Sensitivity/Response		Tier I - Level A				true	true	SQSTM1::NTRK1 fusion-positive tumors demonstrate sensitivity to larotrectinib.	Larotrectinib has been approved by the FDA to treat NTRK fusion-positive solid tumors in patients that meet FDA label criteria. Patients with SQSTM1::NTRK1 fusion-positive solid tumors of different histologies have demonstrated significant clinical response to larotrectinib. These include a patient with congenital fibrosarcoma, one patient with papillary thyroid carcinoma, and a patient with lung adenocarcinoma.	127	6567,11574,11575,8865	2025-10-13 19:12:14 UTC	https://civicdb.org/links/assertions/127	https://civicdb.org/links/evidence_items/6567,https://civicdb.org/links/evidence_items/11574,https://civicdb.org/links/evidence_items/11575,https://civicdb.org/links/evidence_items/8865	https://civicdb.org/links/molecular_profiles/778	false
EWSR1::CREB3L1 Fusion	5154	Sclerosing Epithelioid Fibrosarcoma				Diagnostic	Supports	Positive		Tier I - Level A						EWSR1::CREB3L1 is desirable diagnostic criteria for sclerosing epithelioid fibrosarcoma.	Sclerosing epithelioid fibrosarcoma (SEF) is a rare aggressive type of sarcoma with the EWSR1::CREB3L1 detected in approximately 50-60% of cases. Professional guidelines (WHO) list EWSR1::CREB3L1 as desirable diagnostic criteria for sclerosing epithelioid fibrosarcoma (WHO classification of tumours series, 5th ed.; vol. 7).	128	12058,12057,12059	2024-06-23 00:01:05 UTC	https://civicdb.org/links/assertions/128	https://civicdb.org/links/evidence_items/12058,https://civicdb.org/links/evidence_items/12057,https://civicdb.org/links/evidence_items/12059	https://civicdb.org/links/molecular_profiles/5154	true
FUS::CREB3L2 Fusion	5155	Low-grade Fibromyxoid Sarcoma				Diagnostic	Supports	Positive		Tier I - Level A						FUS::CREB3L2 is desirable diagnostic criteria for low-grade fibromyxoid sarcoma.	Low-grade fibromyxoid sarcoma (LGFMS) is a rare type of sarcoma with molecular and morphological overlap with sclerosing epithelioid fibrosarcoma that harbors the FUS::CREB3L2 fusion in >90% of cases. Professional guidelines (WHO) list FUS rearrangements as desirable diagnostic criteria for low-grade fibromyxoid sarcoma (WHO classification of tumours series, 5th ed.; vol. 7).	129	12060,12061,12062	2024-06-23 00:01:05 UTC	https://civicdb.org/links/assertions/129	https://civicdb.org/links/evidence_items/12060,https://civicdb.org/links/evidence_items/12061,https://civicdb.org/links/evidence_items/12062	https://civicdb.org/links/molecular_profiles/5155	true
EGFR T790M	34	Lung Non-small Cell Carcinoma	3908		Osimertinib	Predictive	Supports	Sensitivity/Response		Tier I - Level A		Non-Small Cell Lung Cancer	7.2024	true	true	EGFR T790M predicts sensitivity to osimertinib in non-small cell lung cancer	The EGFR T790M mutation occurs in approximately 50-60% of EGFR mutated non small cell lung cancer (NSCLC) patients treated with first or second-generation EGFR tyrosine kinase inhibitors (TKIs). The third-generation EGFR TKI osimertinib has been shown to inhibit proliferation signaling and growth in cell line and xenograft models (civic.EID:963) and human cell lines (civic.EID:967) with EGFR T790M. Case study reports indicate benefit from osimertinib for NSCLC patients with primary sensitizing EGFR mutations who progressed on first line TKI treatment with the emergence of T790M (civic.EID:12946). Osimertinib was given accelerated approval for treatment of T790M positive NSCLC patients who had progressed on previous TKI therapy based on results from a Phase I study showing a 59% objective response rate to osimertinib in these patients (civic.EID:965), and then granted regular approval after the confirmatory phase 3 trial (AURA3) further indicated benefit with a 71 percent overall response rate in T790M patients who had progressed on TKI therapy versus 31 percent response rate with chemotherapy (civic.EID:1867).	130	963,967,1592,12946,966,1867,11598,965,11599	2026-04-20 15:45:24 UTC	https://civicdb.org/links/assertions/130	https://civicdb.org/links/evidence_items/963,https://civicdb.org/links/evidence_items/967,https://civicdb.org/links/evidence_items/1592,https://civicdb.org/links/evidence_items/12946,https://civicdb.org/links/evidence_items/966,https://civicdb.org/links/evidence_items/1867,https://civicdb.org/links/evidence_items/11598,https://civicdb.org/links/evidence_items/965,https://civicdb.org/links/evidence_items/11599	https://civicdb.org/links/molecular_profiles/34	false
BCR::NTRK2 Fusion	5113	Solid Tumor			Entrectinib	Predictive	Supports	Sensitivity/Response		Tier I - Level A				true	true	BCR::NTRK2 fusion-positive tumors demonstrate sensitivity to entrectinib.	Entrectinib has been approved by the FDA to treat NTRK fusion-positive solid tumors in patients who meet the FDA label criteria. For example, a BCR::NTRK2 fusion-positive central nervous system tumor, specifically a high-grade glioma in an adult patient, demonstrated a partial response to entrectinib. Alternatively, a pediatric patient with a low-grade glioma of the spine demonstrated stable disease on treatment; however, the follow-up period was short (2.5 months) and no further information was provided. Overall, NTRK2 fusions in central nervous system tumors have demonstrated a response to entrectinib.	131	11222,12053,12071,12035	2025-11-10 17:35:29 UTC	https://civicdb.org/links/assertions/131	https://civicdb.org/links/evidence_items/11222,https://civicdb.org/links/evidence_items/12053,https://civicdb.org/links/evidence_items/12071,https://civicdb.org/links/evidence_items/12035	https://civicdb.org/links/molecular_profiles/5113	false
MN1 Rearrangement	5187	Astroblastoma, MN1-altered	0080904	Juvenile onset,Young adult onset,Childhood onset		Diagnostic	Supports	Positive		Tier I - Level A						MN1 rearrangements are essential diagnostic criteria for Astroblastoma, MN1-altered	Astroblastoma, MN1-altered is a rare primary CNS tumor characterized by distinctive histological features including astroblastic pseudorosettes and vascular hyalinization, and defined by the presence of MN1 gene rearrangements that predominantly affect children and young adults . MN1 fusions most frequently involve MN1 and BEND2 genes fused in-frame. Professional guidelines (WHO) list MN1 alterations or a DNA methylation profile meeting the appropriate calibrated score thresholds for astroblastoma, MN1-altered as essential diagnostic criteria for astroblastoma, MN1-altered (WHO classification of tumours series, 5th ed.; vol. 7).	132	12079,12077,12078,8510	2024-08-06 12:33:29 UTC	https://civicdb.org/links/assertions/132	https://civicdb.org/links/evidence_items/12079,https://civicdb.org/links/evidence_items/12077,https://civicdb.org/links/evidence_items/12078,https://civicdb.org/links/evidence_items/8510	https://civicdb.org/links/molecular_profiles/5187	false
TMB High	5117	Solid Tumor			Pembrolizumab	Predictive	Supports	Sensitivity/Response		Tier I - Level A				true	true	Solid tumors with high TMB show increased sensitivity to pembrolizumab	Patients with solid tumors who have increased TMB have shown increased sensitivity to pembrolizumab (civic.EID:12083, civic.EID:12086). KEYNOTE-158 was a prospectively-planned retrospective analysis of patients with previously treated unresectable or metastatic TMB-H solid tumors, and found increased response rates of 29% to permbolizumab in patients with greater than 10 mutations per MB, and 6% in patients below (civic.EID:12082). Pembrolizumab is FDA approved in adults and children with unresectable or metastatic solid tumors with TMB >= 10 mutations/MB, where TMB is measured via an approved next generation sequencing oncology panel based on tissue whole exome sequencing. High TMB calculated from measuring circulating tumor DNA in the blood (H-bTMB) has also been shown to correlate to improved patient outcomes (civic.EID:12724).	134	12083,12082,12724,12086	2025-12-10 19:48:41 UTC	https://civicdb.org/links/assertions/134	https://civicdb.org/links/evidence_items/12083,https://civicdb.org/links/evidence_items/12082,https://civicdb.org/links/evidence_items/12724,https://civicdb.org/links/evidence_items/12086	https://civicdb.org/links/molecular_profiles/5117	false
CBFA2T3::GLIS2 Fusion	2499	Acute Myeloid Leukemia With CBFA2T3::GLIS2 Fusion				Diagnostic	Supports	Positive		Tier I - Level A						CBFA2T3::GLIS2 fusion, resulting from a cryptic chromosome 16 inversion inv(16)(p13.3q24.3), is an essential diagnostic criterion for an emerging AML subtype designated as acute myeloid leukemia with CBFA2T3::GLIS2 fusion by the WHO Classification of Tumours Online	CBFA2T3::GLIS2 fusion is frequently detected in non-down syndrome acute megakaryoblastic leukemia (AMKL), but it is not restricted to AMKL and can also be observed in other French-American-British (FAB) subtypes. However, this fusion is exclusively observed in pediatric AML patients. It is characterized by a fusion of CBFA2T3, a member of the ETO family of nuclear corepressors, to GLIS2, a member of the GLI family of transcription factors. The fusion is formed by a cryptic inversion of chromosome 16, inv(16)(p13.3q24.3). The presence of CBFA2T3::GLIS2 identifies a subgroup of patients with significantly worse overall survival. Professional guidelines (WHO) list CBFA2T3::GLIS2 fusion or inv(16)(p13q24) as essential diagnostic criteria for the emerging AML subtype designated acute myeloid leukemia with CBFA2T3::GLIS2 fusion (WHO classification of tumours series, 5th ed.; vol. 11).	135	11885,11886,11887,11884	2024-08-11 00:00:26 UTC	https://civicdb.org/links/assertions/135	https://civicdb.org/links/evidence_items/11885,https://civicdb.org/links/evidence_items/11886,https://civicdb.org/links/evidence_items/11887,https://civicdb.org/links/evidence_items/11884	https://civicdb.org/links/molecular_profiles/2499	true
MNX1::ETV6 Fusion	5195	Acute Myeloid Leukemia With MNX1::ETV6 Fusion				Diagnostic	Supports	Positive		Tier I - Level A						MNX1::ETV6 fusion or t(7;12)(q36;p13) are diagnostic criteria for an emerging subtype of acute myeloid leukaemia (AML) referred to as acute myeloid leukemia with MNX1::ETV6 fusion by the WHO Classification of Tumours Online.	MNX1::ETV6 fusion is primarily detected in acute myeloid leukemia (AML) of infancy and very young childhood. The fusion is formed by a translocation of chromosomes 7q and 12p, t(7;12)(q36;p13). The oncogenic mechanism appears to be overexpression of the MNX1 gene. Cases are frequently associated with a gain of chromosome 19. Professional guidelines (WHO) list MNX1::ETV6 fusion or t(7;12)(q36;p13) as diagnostic criteria for the emerging acute myeloid leukemia subtype known as AML with MNX1::ETV6 fusion (WHO classification of tumours series, 5th ed.; vol. 7).	136	12091,12092,12093	2025-10-01 22:46:41 UTC	https://civicdb.org/links/assertions/136	https://civicdb.org/links/evidence_items/12091,https://civicdb.org/links/evidence_items/12092,https://civicdb.org/links/evidence_items/12093	https://civicdb.org/links/molecular_profiles/5195	true
BCR::ABL1 Fusion	1	B-lymphoblastic Leukemia/lymphoma With BCR-ABL1	0080643	Pediatric onset,Adult onset		Diagnostic	Supports	Positive		Tier I - Level A		Acute Lymphoblastic Leukemia	1.2022			BCR::ABL1 fusion is the result of a chromosomal translocation involving 9q and 22q, t(9;22)(q34;q11). BCR::ABL1 fusion is a diagnostic criterion for B-lymphoblastic leukemia/lymphoma with BCR::ABL1 fusion (WHO classification of tumours series, 5th ed.; vol. 11).	BCR::ABL1 fusion is the result of a chromosomal translocation involving 9q and 22q, t(9;22)(q34;q11), which fuses the 5' portion of the BCR (BCR Activator Of RhoGEF And GTPase) gene in 22q11 with the 3'portion (including the entire kinase domain) of the ABL1 (ABL Proto-Oncogene 1, Non-Receptor Tyrosine Kinase) gene in 9q34. The fusion is expressed from the derivative chromosome 22, which is also known as Philadelphia (Ph) chromosome. The BCR::ABL1 fusion is more commonly associated with chronic myelogenous leukemia (CML), however, is also detected in approximately 5% of pediatric and 25% adult B-lymphoblastic leukemia patients. There are two major isoforms of BCR-ABL1, the long isoform (p210) and the short isoform (p190), but the entire ABL1 kinase domain is always included. The p190 isoform is more common in B-lymphoblastic leukemia. Professional guidelines (WHO) list BCR::ABL1 fusion as a diagnostic criterion for B-lymphoblastic leukemia/lymphoma with BCR::ABL1 fusion (WHO classification of tumours series, 5th ed.; vol. 11).	137	12090,12087,12089,12088	2025-10-08 22:59:54 UTC	https://civicdb.org/links/assertions/137	https://civicdb.org/links/evidence_items/12090,https://civicdb.org/links/evidence_items/12087,https://civicdb.org/links/evidence_items/12089,https://civicdb.org/links/evidence_items/12088	https://civicdb.org/links/molecular_profiles/1	false
DEK::NUP214 Fusion	5217	Acute Myeloid Leukemia With T(6;9) (p23;q34.1)	0081080	Adult onset,Pediatric onset		Diagnostic	Supports	Positive		Tier I - Level A		Acute Myeloid Leukemia	3.2024			Professional guideline (WHO) recognize AML with DEK::NUP214 fusion as a distinct diagnostic entity, with the presence of t(6;9)(p22.3;q34.1) and/or DEK::NUP214 fusion listed as an essential diagnostic criterion (WHO classification of tumors series, 5th ed.; vol. 11).	The DEK::NU214 fusion originates from a t(6;9)(p23;q34) and is observed in approximately 0.6–1.7% of acute myeloid leukemia (AML) cases in children and 1% of the cases in adults. The fusion junction is typically between exon 2 of the DEK gene and exon 6 of the NUP214.DEK encodes a protein involved in DNA replication and mRNA processing and NUP214 encodes a nuclear pore complex protein necessary for the cell cycle and for transport of material between the nucleus and cytoplasm. . AML cases with the DEK::NUP214 fusion gene are characterized by marrow basophilia, preceding myelodysplasia and a poor prognosis. ~70% of AMLs with the fusion gene exhibit internal tandem duplications of the tyrosine kinase FLT3 (FLT3-ITD).	138	12123,12125,12127	2025-09-24 23:04:01 UTC	https://civicdb.org/links/assertions/138	https://civicdb.org/links/evidence_items/12123,https://civicdb.org/links/evidence_items/12125,https://civicdb.org/links/evidence_items/12127	https://civicdb.org/links/molecular_profiles/5217	false
NPM1::MLF1 Fusion	5218	Acute Myeloid Leukemia With NPM1::MLF1 Fusion				Diagnostic	Supports	Positive		Tier I - Level A						NPM1::MLF1 fusion or t(3;5)(q25;q35) is a diagnostic criterion for an emerging subtype of acute myeloid leukemia (AML) referred to as acute myeloid leukemia with NPM1::MLF1 fusion by the WHO Classification of Tumours (5th ed.).	NPM1::MLF1 is a rare gene fusion detected in acute myeloid leukemia (AML). The fusion is formed by a translocation of chromosomes 3q and 5q, t(3;5)(q25;q35). The translocation joins the 5' portion of the NPM1 (Nucleophosmin 1) in 5q35.1 to the 3' portion of the MLF1 gene (Myeloid Leukemia Factor 1) localized in 3q25.2. Professional guidelines (WHO) list NPM1::MLF1 or t(3;5)(q25;q35) as a diagnostic criterion for the AML with NPM1::MLF1 subtype of AML with other defined genetic alterations (WHO classification of tumours series, 5th ed.; vol. 11).	139	12128,12129,12130	2025-10-08 22:57:00 UTC	https://civicdb.org/links/assertions/139	https://civicdb.org/links/evidence_items/12128,https://civicdb.org/links/evidence_items/12129,https://civicdb.org/links/evidence_items/12130	https://civicdb.org/links/molecular_profiles/5218	true
FLT3 N841I	3070	Acute Myeloid Leukemia	9119			Oncogenic	Supports	Oncogenic			OS2,OM1,OP1,OP4,OM3					The FLT3 N841I mutation is classified as Oncogenic.	The FLT3 N841I has demonstrated the ability to induce IL3 independent cell growth in BaF3 cells, constitutive activation of FLT3, and downstream pathway activation (OS2). This amino acid change occurs within the tyrosine kinase domain (TKD) of FLT3 (OM1). This variant has been observed in 9 myeloid malignancy samples in the cBioportal database along with 5 published cases (14 total) (OM3). The missense predictor, ClinPred, supports a deleterious effect with a score of .998 (OP1). The variant is absent from gnomAD v4.1 and in a region with >20x coverage (OP4). N841I has an oncogenicity classification of Oncogenic based on the following FLT3 SC-VCEP specified codes of the ClinGen/CGC/VICC criteria: OS2 (4) + OM1 (2) + OM3 (2) + OP1 (1) + OP4 (1) = 10 points - Oncogenic	140	12506,8858,12509,12508,12507,9235	2025-09-17 16:44:14 UTC	https://civicdb.org/links/assertions/140	https://civicdb.org/links/evidence_items/12506,https://civicdb.org/links/evidence_items/8858,https://civicdb.org/links/evidence_items/12509,https://civicdb.org/links/evidence_items/12508,https://civicdb.org/links/evidence_items/12507,https://civicdb.org/links/evidence_items/9235	https://civicdb.org/links/molecular_profiles/3070	false
TCF3::HLF Fusion	5334	B-lymphoblastic Leukemia/lymphoma With TCF3::HLF Fusion				Diagnostic	Supports	Positive		Tier I - Level A						TCF3::HLF fusion or t(17;19)(q22;p13.3) are essential diagnostic criteria for an emerging subtype of B lymphoblastic leukaemia/lymphoma referred to as B lymphoblastic leukaemia/lymphoma with TCF3::HLF fusion	TCF3::HLF is a rare gene fusion detected in B lymphoblastic leukaemia/lymphoma. The fusion is formed by a translocation of chromosomes 17q and 19q, t(17;19)(q22;p13.3). The translocation can either be Type 1 fusing TCF3 exon 16 to HLF exon 4 and includes inserted non-template and intronic sequences, or Type 2 fusing TCF3 exon 15 to HLF exon 4. Professional guidelines (WHO) list TCF3::HLF as an essential diagnostic criteria for B lymphoblastic leukaemia/lymphoma with TCF3::HLF fusion (WHO classification of tumours series, 5th ed.; vol. 11).	141	12169,12171,12170	2026-04-01 19:35:04 UTC	https://civicdb.org/links/assertions/141	https://civicdb.org/links/evidence_items/12169,https://civicdb.org/links/evidence_items/12171,https://civicdb.org/links/evidence_items/12170	https://civicdb.org/links/molecular_profiles/5334	true
UBTF UBTF-TD	5293	Acute Myeloid Leukemia	9119			Prognostic	Supports	Poor Outcome		Tier I - Level B						UBTF-TD frequently found in relapsed pediatric AML	UBTF-TD frequently found in relapsed pediatric AML	143	12179	2024-10-17 22:33:43 UTC	https://civicdb.org/links/assertions/143	https://civicdb.org/links/evidence_items/12179	https://civicdb.org/links/molecular_profiles/5293	false
MEF2D::v Fusion	5292	B-lymphoblastic Leukemia With MEF2D Rearrangement		Pediatric onset,Early young adult onset		Diagnostic	Supports	Positive		Tier I - Level A						MEF2D rearrangements are essential diagnostic criteria for an emerging subtype of B-lymphoblastic leukemia/lymphoma referred to as B-lymphoblastic leukemia/lymphoma with MEF2D rearrangement.	MEF2D rearrangements occur as primary alterations in approximately 4% of pediatric and up to 10% of adult B-lymphoblastic leukemia/lymphoma (B-ALL) cases. These rearrangements result in fusions of MEF2D with various partner genes, of which BCL9 and HNRNPUL1 are the most common, and CSF1R, DAZAP1, HNRNPUL1, SS18, HNRNPH1, and FOXJ2 are less frequently observed. MEF2D is the 5' partner, and fusions preserve its DNA binding and dimerization domain. MEF2D-rearranged B-ALLs are characterized by a distinct immunophenotype, older age at diagnosis, and poor outcome. Professional guidelines (WHO) list MEF2D rearrangements as an essential diagnostic criterion for the provisional subtype of B-lymphoblastic leukemia/lymphoma with MEF2D rearrangement, under B-lymphoblastic leukemia/lymphoma with other defined genetic alterations (WHO classification of tumors series, 5th ed.; vol. 11).	144	12199,12176,12178	2024-11-24 00:00:35 UTC	https://civicdb.org/links/assertions/144	https://civicdb.org/links/evidence_items/12199,https://civicdb.org/links/evidence_items/12176,https://civicdb.org/links/evidence_items/12178	https://civicdb.org/links/molecular_profiles/5292	true
CEBPA Mutation	29	Acute Myeloid Leukemia With CEBPA Mutation				Diagnostic	Supports	Positive		Tier I - Level A						CEBPA mutations, including biallelic (CEBPA-dm) and isolated bZip mutations, are diagnostic criteria for a subtype of acute myeloid leukemia (AML) designated as AML with CEBPA mutation.	CEBPA ( CCAAT Enhancer Binding Protein Alpha) mutations are primary oncogenic drivers in 5% of acute myeloid leukemia (AML) cases in children and 5–11% of AML cases in adults. Two main types of mutations are typically observed: isolated mutations in the C-terminal DNA-binding basic leucine zipper (bZip) region and biallelic (CEBPA-dm) mutations, where one mutation occurs in the bZip region and the other in the N-terminal transactivation domain. CEBPA bZip and biallelic mutations are essential diagnostic markers that inform risk stratification and guide treatment decisions. Professional guidelines (WHO) list the presence of bi-allelic mutations in CEBPA, or a single mutation located in the bZIP region as diagnostic criteria for AML with CEBPA mutation.	146	12173,12200,12174	2025-10-01 22:43:50 UTC	https://civicdb.org/links/assertions/146	https://civicdb.org/links/evidence_items/12173,https://civicdb.org/links/evidence_items/12200,https://civicdb.org/links/evidence_items/12174	https://civicdb.org/links/molecular_profiles/29	true
VPS18::NTRK3 e4::e1	5039	Osteosarcoma	3347			Oncogenic	Supports	Benign			N/A					VPS18::NTRK3 e4::e1 is classified as a benign NTRK fusion.	The intrachromosomal VPS18::NTRK3 e4::e1 was reported in a single osteosarcoma case. NTRK3 is the 3’ partner (FG1), but the fusion contained a premature stop codon predicted to prevent the full translation of the NTRK tyrosine kinase domain (TKD). RNA sequencing demonstrated a lack of NTRK3 expression and immunohistochemistry for pan‐TRK was negative in the tumor sample, indicating a lack of detectable protein (FSN). The FG3 assessment for fusion gene structure was not met and both independent assessments for fusion expression (RNA and protein) were negative. Therefore, given the limited evidence (FG1+FSN) indicates VSP18::NTRK3 e4::e1 is classified as a benign NTRK fusion.	147	11698	2025-10-31 01:52:53 UTC	https://civicdb.org/links/assertions/147	https://civicdb.org/links/evidence_items/11698	https://civicdb.org/links/molecular_profiles/5039	false
VPS18::NTRK3 e4::e18	5305	Colorectal Cancer	9256			Oncogenic	Supports	Uncertain Significance			N/A					VPS18::NTRK3 e4::e18 is classified as a NTRK fusion of uncertain significance	The intrachromosomal VPS18::NTRK3 e4:e18 was detected in a single colorectal cancer case. NTRK3 is the 3’ partner (FG1). This fusion only includes two exons (18 & 19) of the NTRK3 tyrosine kinase domain (TKD), which consists of exons 14-19. Since the fusion junctions are not predicted to lead to a chimeric protein retaining the entire TKD, FG2 and FG3 for gene structure do not apply. No evidence assessing RNA or protein expression was presented to support the benign classification. The fusion unlikely has an activated NTRK, but the fusion's potential impacts on tumor biology through alternative means are unknown. Therefore, with only the code of FG1 applied, VPS18::NTRK3 e4:e18 is classified as a fusion of uncertain significance.	148	12257	2025-10-31 02:25:13 UTC	https://civicdb.org/links/assertions/148	https://civicdb.org/links/evidence_items/12257	https://civicdb.org/links/molecular_profiles/5305	false
KAT6A::CREBBP Fusion	5267	AML With KAT6A::CREBBP Fusion				Diagnostic	Supports	Positive		Tier I - Level A						The t(8;16)(p11;p13) translocation and the resulting KAT6A::CREBBP fusion are critical diagnostic markers for a distinct high-risk subtype of pediatric acute myeloid leukemia (AML) recognized as an emerging molecular entity (AML with KAT6A::CREBBP fusion) in the WHO classification.	The t(8;16)(p11;p13) chromosomal translocation and the resulting KAT6A::CREBBP fusion are key diagnostic markers in acute myeloid leukemia (AML), identified in cases with distinctive clinical features such as leukemia cutis and a poor prognosis. In children, the peak incidence of this AML subtype is in the neonatal period. Gene expression profiling reveals upregulation of genes like HOXA and RET, similar to KMT2A-rearranged AML. Professional guidelines (WHO) list KAT6A::CREBBP fusion as an essential diagnostic criterion for emerging molecular subtype of AML with KAT6A::CREBBP fusion under AML with other defined genetic alterations (WHO classification of tumors series, 5th ed.; vol. 11).	149	12153,12154,12155	2024-12-15 20:55:50 UTC	https://civicdb.org/links/assertions/149	https://civicdb.org/links/evidence_items/12153,https://civicdb.org/links/evidence_items/12154,https://civicdb.org/links/evidence_items/12155	https://civicdb.org/links/molecular_profiles/5267	true
v::NUTM1 Fusion	5151	B-lymphoblastic Leukemia With NUTM1 Rearrangement				Diagnostic	Supports	Positive		Tier I - Level A						NUTM1 rearrangements are essential diagnostic criteria for a distinct subtype of pediatric B-lymphoblastic leukemia (B-ALL) with NUTM1 rearrangement.	NUTM1 rearrangements are primary oncogenic drivers in 3-5% of pediatric B-lymphoblastic leukemia (B-ALL) cases. NUTM1 rearrangements are enriched in infant KMT2A-negative B-ALL. These rearrangements occur with different 5' partner genes, including SLC12A6, CUX1, IKZF1, and ACIN1, and are mutually exclusive with other primary B-ALL-associated genetic alterations. Professional guidelines (WHO) list NUTM1 rearrangements as an essential diagnostic criterion for the subtype of B-lymphoblastic leukemia/lymphoma with NUTM1 rearrangement (WHO Classification of Tumors series, 5th ed.; vol. 11).	150	12238,12237,12239	2024-12-17 20:25:20 UTC	https://civicdb.org/links/assertions/150	https://civicdb.org/links/evidence_items/12238,https://civicdb.org/links/evidence_items/12237,https://civicdb.org/links/evidence_items/12239	https://civicdb.org/links/molecular_profiles/5151	true
IGH::IL3 Fusion	5335	B-lymphoblastic Leukemia/lymphoma With IGH::IL3				Diagnostic	Supports	Positive		Tier I - Level A						IGH::IL3 is an essential diagnostic criteria for a rare subtype of B lymphoblastic leukemia/lymphoma referred to as B lymphoblastic leukemia/lymphoma with IGH::IL3 fusion.	IGH::IL3 is a rare gene fusion detected in B lymphoblastic leukemia/lymphoma. The fusion is typically formed by a translocation of chromosomes 5 and 14 in which the IGH enhancer region (14q32.1) is juxtaposed to the vicinity of the IL3 gene (5q31.1) and results in increased production of interleukin-3 (IL3). B lymphoblastic leukemia/lymphoma with IGH::IL3 fusion often presents with eosinophilia and seems to have a predominance for males. Professional guidelines (WHO) list IGH::IL3 as an essential diagnostic criteria for B lymphoblastic leukemia/lymphoma with IGH::IL3 fusion (WHO Classification of tumors series, 5th ed.; vol. 11).	151	12243,12244,12245	2026-04-01 19:34:26 UTC	https://civicdb.org/links/assertions/151	https://civicdb.org/links/evidence_items/12243,https://civicdb.org/links/evidence_items/12244,https://civicdb.org/links/evidence_items/12245	https://civicdb.org/links/molecular_profiles/5335	true
NRG1 NRG1 FUSIONS	2631	Lung Non-small Cell Carcinoma	3908		Zenocutuzumab-zbco	Predictive	Supports	Sensitivity/Response		Tier I - Level A				true	false	Zenocutuzumab-zbco (BIZENGRI), a bispecific HER2- and HER3-directed antibody is indicated for the treatment of adults with advanced, unresectable or metastatic non-small cell lung cancer (NSCLC) harboring a NRG1 gene fusion with disease progression on or after prior systemic therapy, or, adults with advanced, unresectable or metastatic pancreatic adenocarcinoma harboring a NRG1 gene fusion with disease progression on or after prior systemic therapy.	The FDA granted accelerated approval to zenocutuzumab-zbco (Bizengri, Merus N.V.) for 1) adults with advanced, unresectable, or metastatic non-small cell lung cancer (NSCLC) harboring a neuregulin 1 (NRG1) gene fusion with disease progression on or after prior systemic therapy, 2) or advanced, unresectable, or metastatic pancreatic adenocarcinoma harboring a NRG1 gene fusion with disease progression on or after prior systemic therapy. This represents the first FDA approval of a systemic therapy for patients with NSCLC or pancreatic adenocarcinoma harboring an NRG1 gene fusion (https://www.accessdata.fda.gov/drugsatfda_docs/label/2024/761352s001lbl.pdf). *This indication is approved under accelerated approval based on overall response rate and duration of response. Continued approval for this indication may be contingent upon verification and description of clinical benefit in a confirmatory trial(s)	152	12246	2024-12-17 04:53:20 UTC	https://civicdb.org/links/assertions/152	https://civicdb.org/links/evidence_items/12246	https://civicdb.org/links/molecular_profiles/2631	false
IGH::DUX4 Fusion	5360	B-lymphoblastic Leukemia/lymphoma With DUX4 Rearrangements				Diagnostic	Supports	Positive		Tier I - Level A						DUX4 rearrangements are essential diagnostic criteria for a distinct subtype of B-lymphoblastic leukemia/lymphoma with DUX4 rearrangements.	DUX4 rearrangements are primary oncogenic drivers in 5–7% of B-lymphoblastic leukemia/lymphoma (B-ALL) cases, particularly in adolescents and young adults (AYA). DUX4 rearrangements involve the insertion of the DUX4 gene into the IGH locus, resulting in overexpression of DUX4 under the control of the IGH enhancer. These rearrangements are frequently associated with co-occurring ERG deletions (55–63%) and are mutually exclusive with other primary B-ALL-associated genetic alterations. Professional guidelines list DUX4 rearrangements as an essential diagnostic criterion for the subtype of B-lymphoblastic leukemia/lymphoma with DUX4 rearrangements (WHO classification of tumors series, 5th ed.; vol. 11).	153	12250,12248,12249,12251	2025-07-17 22:38:50 UTC	https://civicdb.org/links/assertions/153	https://civicdb.org/links/evidence_items/12250,https://civicdb.org/links/evidence_items/12248,https://civicdb.org/links/evidence_items/12249,https://civicdb.org/links/evidence_items/12251	https://civicdb.org/links/molecular_profiles/5360	true
v::IRF4 Fusion	5326	Large B-cell Lymphoma With IRF4 Rearrangement				Diagnostic	Supports	Positive		Tier I - Level A						IRF4 gene rearrangement is a diagnostic criterion for a subtype of large B-cell lymphoma referred to as large B-cell lymphoma with IRF4 rearrangement.	IRF4 rearrangement is detected in a subset of large B-cell lymphomas. The rearrangement juxtaposes the IRF4 oncogene next to one of the immunoglobulin (IG) loci, most frequently IGH, and leads to overexpression of MUM1 (protein encoded by IRF4). IRF4 rearranged large B-cell lymphoma is predominantly detected in children and adolescents. Professional guidelines (WHO) list IRF4 gene rearrangement and/or IRF4 expression as a diagnostic criterion for large B-cell lymphoma with IRF4 rearrangement (WHO classification of tumours series, 5th ed.; vol. 7).	154	12255,12253,12254	2025-10-29 22:23:12 UTC	https://civicdb.org/links/assertions/154	https://civicdb.org/links/evidence_items/12255,https://civicdb.org/links/evidence_items/12253,https://civicdb.org/links/evidence_items/12254	https://civicdb.org/links/molecular_profiles/5326	true
RBM15::MRTFA Fusion	2985	Acute Myeloid Leukemia With T(1;22)(p13;q13)	0081096			Diagnostic	Supports	Positive		Tier I - Level A						The presence of the RBM15::MRTFA fusion or t(1;22)(p13;q13) is a diagnostic criterion for a subtype of acute megakaryoblastic leukemia (AMKL) predominantly occurring in non-Down syndrome infants.	The RBM15::MRTFA fusion is a rare genetic alteration identified in acute megakaryoblastic leukemia (AMKL). The fusion results from the translocation t(1;22)(p13;q13), predominantly observed in non-Down syndrome infants. The RBM15::MRTFA fusion gene combines RBM15 and MRTFA, encoding a chimeric protein that disrupts normal transcriptional processes. Professional guidelines (WHO) list RBM15::MRTFA as a diagnostic criterion for AMKL with RBM15::MRTFA fusion (WHO classification of tumors series, 5th ed.; vol. 11).	155	12262,12260,12261	2025-10-01 22:41:18 UTC	https://civicdb.org/links/assertions/155	https://civicdb.org/links/evidence_items/12262,https://civicdb.org/links/evidence_items/12260,https://civicdb.org/links/evidence_items/12261	https://civicdb.org/links/molecular_profiles/2985	true
v::JAK2 Fusion	2445	B-lymphoblastic Leukemia/lymphoma, BCR-ABL1–like	0080650			Diagnostic	Supports	Positive		Tier I - Level A						JAK2 fusions are diagnostic for a subset of BCR::ABL1 (Philadelphia)–like B-lymphoblastic leukemia (B-ALL).	BCR::ABL1 (Philadelphia/Ph)–like B-lymphoblastic leukemia (B-ALL) is a high-risk leukemia subtype driven by kinase and cytokine receptor signaling activation. This subtype harbors rare JAK2 fusions involving partner genes such as ATF7IP, BCR, EBF1, ETV6, PAX5, PPFIBP1, SSBP2, STRN3, TERF2, and TPR, leading to JAK2 overexpression and constitutive kinase activation. Professional guidelines (WHO) recognize Ph-like B-ALL as a distinct diagnostic entity, with JAK2 fusions listed as one of its defining molecular features (WHO classification of tumours series, 5th ed.; vol. 11).	156	12287,6964,12256	2025-02-19 23:17:46 UTC	https://civicdb.org/links/assertions/156	https://civicdb.org/links/evidence_items/12287,https://civicdb.org/links/evidence_items/6964,https://civicdb.org/links/evidence_items/12256	https://civicdb.org/links/molecular_profiles/2445	false
PML::RARA Fusion	108	Acute Promyelocytic Leukemia With PML-RARA	0081081			Diagnostic	Supports	Positive		Tier I - Level A						The presence of the PML::RARA fusion or t(15;17)(q24.1;q21.2) is a key diagnostic marker for acute promyelocytic leukemia (APL), a subtype of acute myeloid leukemia (AML).	The PML::RARA fusion is a critical genetic alteration in acute promyelocytic leukemia (APL), a subtype of acute myeloid leukemia (AML). The fusion arises from the translocation t(15;17)(q24.1;q21.2), leading to the formation of the PML::RARA fusion gene. This gene encodes a chimeric protein that blocks myeloid differentiation, resulting in the accumulation of abnormal promyelocytes in the bone marrow. PML::RARA fusion detection is an essential diagnostic criterion for APL and is listed in professional guidelines (WHO classification of tumors series, 5th ed.; vol. 11).	157	12292,12334,12289,12333,12288	2025-03-06 20:02:49 UTC	https://civicdb.org/links/assertions/157	https://civicdb.org/links/evidence_items/12292,https://civicdb.org/links/evidence_items/12334,https://civicdb.org/links/evidence_items/12289,https://civicdb.org/links/evidence_items/12333,https://civicdb.org/links/evidence_items/12288	https://civicdb.org/links/molecular_profiles/108	true
FUS::ERG Fusion	4666	Acute Myeloid Leukaemia With FUS::ERG Fusion				Diagnostic	Supports	Positive		Tier I - Level A						The presence of the t(16;21)(p11;q22) translocation resulting in the FUS::ERG fusion gene is a diagnostic criterion for a subtype of acute myeloid leukemia (AML), particularly in pediatric patients.	The FUS::ERG fusion is the result of a chromosomal translocation involving 16p and 21q, t(16;21)(p11;q22), which fuses the 5' portion of the FUS (FUS RNA Binding Protein) gene in 16p11 with the 3' portion (including the ETS domain) of the ERG (ETS Transcription Factor ERG) gene in 21q22. The fusion is expressed from the derivative chromosome 21. The FUS::ERG fusion is considered a key diagnostic marker for a specific subtype of AML, particularly common in pediatric patients. Professional guidelines (WHO) list FUS::ERG fusion or t(16;21)(p11;q22) as an essential diagnostic criteria for the AML with FUS::ERG subtype of AML with other defined genetic alterations (WHO classification of tumours series, 5th ed.; vol. 11).	158	12321,12323,12322	2025-10-01 22:45:16 UTC	https://civicdb.org/links/assertions/158	https://civicdb.org/links/evidence_items/12321,https://civicdb.org/links/evidence_items/12323,https://civicdb.org/links/evidence_items/12322	https://civicdb.org/links/molecular_profiles/4666	true
v::NR4A3 Fusion	5384	Acinic Cell Carcinoma	3025			Diagnostic	Supports	Positive		Tier I - Level A						NR4A3 nuclear immunoreactivity, which is driven by a recurrent translocation t(4;9)(q13;q31), is considered a diagnostic criterium for acinic cell carcinoma.	NR4A3 overexpression driven by a recurrent translocation t(4;9)(q13;q31) that juxtaposes active enhancer regions from the SCPP gene cluster to the region upstream of NR4A3 has been identified in acinic cell carcinomas of the salivary gland and sinonasal (civic.eid:12030, civic.eid:12336). NR4A3 positive nuclear immunohistochemical staining is considered a sensitive and specific marker for the t(4;9)(q13;q31) in acinic cell carcinoma (civic.eid:12828, civic.eid:12336, civic.eid:12337, civic.eid:12816). Professional guidelines (WHO) list NR4A3 nuclear immunoreactivity associated with NR4A3 fusions as a diagnostic criterium for acinic cell carcinoma (WHO classification of tumors series, 5th ed.; vol. 7).	159	12828,12030,12336,12337,12816	2026-03-18 23:05:55 UTC	https://civicdb.org/links/assertions/159	https://civicdb.org/links/evidence_items/12828,https://civicdb.org/links/evidence_items/12030,https://civicdb.org/links/evidence_items/12336,https://civicdb.org/links/evidence_items/12337,https://civicdb.org/links/evidence_items/12816	https://civicdb.org/links/molecular_profiles/5384	true
v::TFCP2 Fusion	5382	Spindle Cell Rhabdomyosarcoma	3260			Diagnostic	Supports	Positive		Tier I - Level A						TFCP2 fusion is a diagnostic marker for a subset of spindle cell/sclerosing rhabdomyosarcoma (SC/S-RMS).	The TFCP2-related gene fusions are rare genetic alterations identified in spindle cell and sclerosing rhabdomyosarcoma (SC/S-RMS). These fusions, involving either EWSR1 or FUS, are predominantly observed in bone tumors, especially in the craniofacial skeleton. The TFCP2 fusion gene encodes a chimeric protein that disrupts normal transcriptional regulation. Tumors with TFCP2 fusions show characteristic spindle cell and epithelioid morphology and frequently overexpress ALK, MYOD1, and keratins. Professional guidelines (WHO) recognize TFCP2 fusions as a defining feature of this aggressive rhabdomyosarcoma subtype, aiding in its diagnosis (WHO classification of tumours series, 5th ed.; vol. 11).	160	12326,12335,12325	2025-04-15 19:31:15 UTC	https://civicdb.org/links/assertions/160	https://civicdb.org/links/evidence_items/12326,https://civicdb.org/links/evidence_items/12335,https://civicdb.org/links/evidence_items/12325	https://civicdb.org/links/molecular_profiles/5382	false
SMARCB1 LOSS OF NUCLEAR PROTEIN EXPRESSION	3527	Cribriform Neuroepithelial Tumor				Diagnostic	Supports	Positive		Tier I - Level A						Biallelic SMARCB1 genetic alterations leading to loss of nuclear protein expression, in the context of histologically hypercellular tumour with cribriform strands and ribbons, are considered essential diagnostic criteria for cribriform neuroepithelial tumor (CRINET).	SMARCB1 loss of nuclear expression is an essential molecular alteration in cribriform neuroepithelial tumor (CRINET), a rare non-rhabdoid childhood brain cancer with a distinct histological appearance including cribriform strains and ribbons. Loss of SMARCB1 expression is caused by biallelic inactivation through a combination of mechanisms including deletions of chromosome 22q, SMARCB1 sequence mutations or single-gene deletions of either germline or somatic origin, and loss of heterozygosity. Loss of nuclear SMARCB1 is an essential diagnostic criterion for this newly recognized provisional disease entity in the professional guideline (WHO classification of tumor series, 5th ed. vol. 6; 2021). It should be noted that CRINET has an overlapping methylation profile with atypical teratoid / rhabdoid tumor, AT/RT-TYR subtype, and similarly demonstrates tyrosinase immunopositivity. Therefore, its distinction from AT/RT-TYR has not been fully delineated in the current WHO Classification (5th ed. vol. 6; 2021).	161	12328,12332,12327	2025-04-13 00:04:06 UTC	https://civicdb.org/links/assertions/161	https://civicdb.org/links/evidence_items/12328,https://civicdb.org/links/evidence_items/12332,https://civicdb.org/links/evidence_items/12327	https://civicdb.org/links/molecular_profiles/3527	true
FOXP1::ABL1 Fusion	2551	B-lymphoblastic Leukemia/lymphoma, BCR-ABL1–like	0080650	Early young adult onset,Juvenile onset		Oncogenic	Supports	Oncogenic			N/A					FOXP1::ABL1 is an oncogenic fusion associated with B-lymphoblastic leukemia/lymphoma, BCR::ABL1 like	The FOXP1::ABL1 fusion is composed of part of the FOXP1 (Forkhead box P1) gene at the 5′ end (N-terminus of the fusion protein) and part of the ABL1 (ABL proto-oncogene 1, non-receptor tyrosine kinase) gene at the 3′ end (C-terminus of the fusion protein) (FG1, civic.EID:7253). ABL1 is considered the key partner that defines the functional and oncogenic effects of the fusion protein. ABL1 is a cytoplasmic tyrosine kinase, and constitutive activation caused by the fusion results in a kinase-activated (BCR::ABL1-like) expression signature. The published breakpoint joins exon 19 of FOXP1 to exon 4 of ABL1 (FOXP1::ABL1), resulting in an in-frame transcript that retains the entire ABL1 kinase domain (FG2, FG3, civic.EID:7253). The fusion arises from a reciprocal translocation, t(3;9)(p12;q34), and has been identified by RT-PCR, Sanger sequencing, and next-generation sequencing. FOXP1 is critical for the transcriptional regulatory network of B-cell lymphopoiesis and may also function as a tumor suppressor gene. Absence or deficiency of FOXP1 during early B-cell development may impair the transition from the pro-B-cell stage to the pre-B-cell stage. The FOXP1::ABL1 fusion protein results in constitutive tyrosine kinase activation and may further disrupt the critical cellular functions of these two genes. The FOXP1::ABL1 fusion has been documented in at least four pediatric and young adult patients with B-lymphoblastic leukemia (CA1, civic.EID:7253, civic.EID:7651, civic.EID:11615), some of whom were subsequently diagnosed with the BCR::ABL1-like (Ph-like) subtype (GS, civic.EID:7651, civic.EID:11615). Two patients had tyrosine kinase inhibitors (dasatinib) added to their chemotherapy regimens, and one achieved MRD-negative bone marrow status at the end of consolidation (CV, civic.EID:7292). Collectively, FG1 + FG2 + FG3 + CA1 + GS + CV support an Oncogenic classification for FOXP1::ABL1 under the ClinGen BCR::ABL1-like SC-VCEP fusion oncogenicity rules.	162	7253,7651,7292,11615	2026-06-29 20:07:54 UTC	https://civicdb.org/links/assertions/162	https://civicdb.org/links/evidence_items/7253,https://civicdb.org/links/evidence_items/7651,https://civicdb.org/links/evidence_items/7292,https://civicdb.org/links/evidence_items/11615	https://civicdb.org/links/molecular_profiles/2551	false
ETV6::RUNX1 Fusion	3009	B-lymphoblastic Leukemia/lymphoma With ETV6-RUNX1	0080645			Diagnostic	Supports	Positive		Tier I - Level A						ETV6::RUNX1 fusions are considered essential diagnostic criteria for B-lymphoblastic Leukemia/lymphoma With ETV6::RUNX1 fusion.	ETV6::RUNX1 fusion resulting from a recurrent cytogenetic cryptic t(12;21)(p13;q22) translocation has been identified in a subset of pediatric B-lymphoblastic leukemia (B-ALL). This fusion juxtaposes ETV6 on chromosome 12 with RUNX1 on chromosome 21, producing a chimeric transcription factor that disrupts normal hematopoietic differentiation. Professional guidelines (WHO classification of tumors series, 5th ed.; vol. 9) list ETV6::RUNX1 as an essential diagnostic criterion for B-ALL with ETV6::RUNX1 fusion.	163	12375,12374,12293	2025-04-15 19:51:50 UTC	https://civicdb.org/links/assertions/163	https://civicdb.org/links/evidence_items/12375,https://civicdb.org/links/evidence_items/12374,https://civicdb.org/links/evidence_items/12293	https://civicdb.org/links/molecular_profiles/3009	false
NUP98::v Fusion	5423	Acute Myeloid Leukemia With NUP98 Rearrangement				Diagnostic	Supports	Positive		Tier I - Level A						NUP98 rearrangements or fusions are considered essential diagnostic criteria for acute myeloid leukemia with NUP98 rearrangement.	NUP98 fusions are detected in a subset of acute myeloid leukemia (AML) patients. NUP98 fusions in AML involve the N-terminal portion of NUP98 and the C-terminal portion of multiple different fusion partners. NSD1 is the most common fusion partner with NUP98::NSD1 frequently associated with FLT3 ITD and predominately detected in pediatric AML patients. The NUP98::KDM5A fusion can be detected in the acute megakaryoblastic leukemia (AMKL), which is a rare subtype of AML. Professional guidelines (WHO) list detection of NUP98 rearrangement or a specific NUP98 fusion product as an essential diagnostic criteria for acute myeloid leukemia with NUP98 rearrangement (WHO classification of tumors series, 5th ed.; vol. 11).	164	12377,12378,12380,12379	2025-04-16 23:20:46 UTC	https://civicdb.org/links/assertions/164	https://civicdb.org/links/evidence_items/12377,https://civicdb.org/links/evidence_items/12378,https://civicdb.org/links/evidence_items/12380,https://civicdb.org/links/evidence_items/12379	https://civicdb.org/links/molecular_profiles/5423	true
NUP214::ABL1 Fusion	2529	B-lymphoblastic Leukemia/lymphoma	0080630			Oncogenic	Supports	Oncogenic			N/A	Acute Lymphoblastic Leukemia	1.2024			NUP214::ABL1 is an oncogenic fusion associated with BCR::ABL1 like B-lymphoblastic leukemia/lymphoma.	The NUP214::ABL1 fusion is a recurrently observed fusion with published breakpoints that include exons 32, 33, or 34 of NUP214 joined to exon 3 of ABL1 (NUP214::ABL1), resulting in a transcript that is in frame and contains the entire ABL1 kinase domain (FG1, FG2, FG3). The fusion results from a reciprocal translocation t(9;9)(q34;q34), an intrachromosomal duplication, or episomal NUP214::ABL1 amplification and has been identified by RT-PCR, Sanger sequencing, and NGS. The NUP214::ABL1 fusion has been documented in more than three pediatric/young adult patients with B-lymphoblastic leukemia (CA1), some of whom were further diagnosed with BCR::ABL1 (Ph)-like subtype by expression profiling (GS). An in vitro functional activity study using the patients’ leukemic samples showed downstream activation of ABL1 with increased phosphorylation of the ABL1 target CRKL, and the in vivo study on mice harboring the NUP214::ABL1 fusion when treated with dasatinib significantly reduced the leukemic burden (FS). Collectively, FG1+FG2+FG3+CA1+FS+GS, results in an oncogenic classification for NUP214::ABL1 via the ClinGen Ph-like SC-VCEP fusion oncogenicity rules.	165	12218,9074,12385,9148,7208	2025-04-28 19:31:04 UTC	https://civicdb.org/links/assertions/165	https://civicdb.org/links/evidence_items/12218,https://civicdb.org/links/evidence_items/9074,https://civicdb.org/links/evidence_items/12385,https://civicdb.org/links/evidence_items/9148,https://civicdb.org/links/evidence_items/7208	https://civicdb.org/links/molecular_profiles/2529	false
IGH::MYC Fusion	5427	B-lymphoblastic Leukemia With MYC Rearrangement				Diagnostic	Supports	Positive		Tier I - Level A						IG::MYC rearrangements or fusions are considered essential diagnostic criteria for B-lymphoblastic leukemia with MYC rearrangement, a subcategory of B-lymphoblastic leukemia/lymphoma with other defined genetic alterations in WHO classification.	IG::MYC fusions are detected in a subset of B-lymphoblastic leukemia/lymphoma (B-ALL/LBL) cases. These fusions result from aberrant V(D)J recombination, most commonly involving IGH::MYC, and are associated with an immature B-cell phenotype. NRAS/KRAS mutations are frequently observed, while typical Burkitt lymphoma mutations are absent. The IGH::MYC fusion can co-occur with IGH::BCL2 in rare cases. Pediatric overlap cases may show mixed features of Burkitt-like morphology with precursor immunophenotype and KRAS/FBXO11 mutations. Professional guidelines (WHO) list IG::MYC rearrangement as an essential diagnostic criteria for B-lymphoblastic leukemia with MYC rearrangement, classified under B-lymphoblastic leukemia/lymphoma with other specified genetic abnormalities in WHO classification of tumors series (5th ed.; vol. 11).	166	12383,12381,12382	2025-07-09 03:13:42 UTC	https://civicdb.org/links/assertions/166	https://civicdb.org/links/evidence_items/12383,https://civicdb.org/links/evidence_items/12381,https://civicdb.org/links/evidence_items/12382	https://civicdb.org/links/molecular_profiles/5427	true
EPOR rearrangements	5442	B-lymphoblastic Leukemia/lymphoma, BCR-ABL1–like	0080650	Late onset,Childhood onset,Late young adult onset,Middle age onset,Juvenile onset,Intermediate young adult onset		Diagnostic	Supports	Positive		Tier I - Level A		Acute Lymphoblastic Leukemia	3.2024			EPOR rearrangements are diagnostic for the BCR::ABL1-like subtype of B-lymphoblastic leukaemia/lymphoma	The EPOR gene encodes the erythropoietin receptor, a member of the cytokine receptor family. EPOR rearrangements, including insertion of EPOR distal to the enhancer of either IGH or IGK or truncation of the cytoplasmic tail of EPOR result in abnormal EPOR activation and increased downstream JAK/STAT asignaling. These EPOR rearrangements are included in the set of genetic alterations sufficient for diagnosis of B-lymphoblastic leukaemia/lymphoma with BCR::ABL1-like features, an entity associated with a poor treatment response and high relapse rate which accounts for ~5-9% of B-ALL cases. JAK/STAT pathway activation offers Ruxolitinib (JAK1/JAK2 inhibitor) as a treatment option (AALL1521/INCB18424-269) COG AALL1521 phase II clinical trial).	167	12397,12395,12393,12394,12396	2025-06-17 20:01:23 UTC	https://civicdb.org/links/assertions/167	https://civicdb.org/links/evidence_items/12397,https://civicdb.org/links/evidence_items/12395,https://civicdb.org/links/evidence_items/12393,https://civicdb.org/links/evidence_items/12394,https://civicdb.org/links/evidence_items/12396	https://civicdb.org/links/molecular_profiles/5442	false
MECOM rearrangement	5448	Acute Myeloid Leukemia With MECOM Rearrangement		Myelodysplasia,Acute myeloid leukemia,Adult onset		Diagnostic	Supports	Positive		Tier I - Level A						Approximately 4% of AML patients show MECOM rearrangements which serve as a biomarker for this subtype of AML that shows aggressive progression and poor prognosis and is distinctly defined under the 5th WHO Classification for hematologic malignancies.	AML with inv(3)/t(3;3)(q21q26) is a distinct WHO-recognized entity. It is characterized by its aggressive course and poor prognosis. In this subtype of AML, translocation of GATA2 enhancer (located at 3q21) to MECOM (located at 3q26) leads to overexpression of the MECOM isoform EVI1 and monoallelic expression of GATA2, and lack of expression of full-length transcript MDS-EVI1. Besides the classical inv(3)/t(3;3)(q21q26) rearrangement, a number of atypical 3q26/MECOM rearrangements with poor treatment response in AML have been reported in literature. Since atypical 3q26 AMLs are difficult to diagnose given their cytogenetic complexity of and heterogeneity, the importance of routine molecular diagnosis to identify this subgroup of AML cases is highlighted. Use of MECOM FISH to identify 3q26/ MECOM rearrangements routinely for AML diagnostics, and quantitative EVI1 and MDS-EVI1 mRNA expression analysis are important to evaluate role of enhancer hijacking in EVI1 deregulation. It is proposed that both atypical 3q26/MECOM and inv(3)/t(3;3)(q21q26) be classified together as a single entity of 3q26 rearranged AMLs.	168	12400,12399,12401	2025-07-09 03:11:53 UTC	https://civicdb.org/links/assertions/168	https://civicdb.org/links/evidence_items/12400,https://civicdb.org/links/evidence_items/12399,https://civicdb.org/links/evidence_items/12401	https://civicdb.org/links/molecular_profiles/5448	true
C19MC Alterations	5443	Embryonal Tumor With Multilayered Rosettes	0081286			Diagnostic	Supports	Positive		Tier I - Level A						Alteration of chromosome 19 miRNA cluster (C19MC) is a primary diagnostic criterion for embryonal tumors with multilayered rosettes (ETMRs).	The embryonal tumor with multilayered rosettes (ETMR) is a rare, aggressive central nervous system (CNS) tumor that affects children younger than four years old. Approximately 90% of ETMRs harbor alterations in the miRNA cluster on chromosome 19q13.4 (C19MC), which is the largest miRNA cluster in the human genome. These alterations include focal amplification and gene fusions involving partner genes such as TTYH1 and, more rarely, MYO9B and MIRLET7BHG, leading to the upregulation of C19MC and contributing to ETMR tumorigenesis. Professional guidelines recognize C19MC alterations as essential for diagnosing C19MC-altered ETMR (WHO classification of tumor series, 5th edu.; vol 6).	169	12390,12389,12391	2025-05-20 19:28:53 UTC	https://civicdb.org/links/assertions/169	https://civicdb.org/links/evidence_items/12390,https://civicdb.org/links/evidence_items/12389,https://civicdb.org/links/evidence_items/12391	https://civicdb.org/links/molecular_profiles/5443	false
KMT2A::v Fusion	2675	Acute Myeloid Leukemia With MLL Rearrangement	0081094			Diagnostic	Supports	Positive		Tier I - Level A						KMT2A rearrangements are considered essential diagnostic criteria for acute myeloid leukemia with KMT2A rearrangement.	KMT2A rearrangements are detected in a subset of acute myeloid leukemia (AML) patients. KMT2A fusions in AML typically involve the N-terminal portion of KMT2A and the C-terminal portion of multiple different fusion partners. MLLT3 is the most common fusion partner. Professional guidelines (WHO) list KMT2A rearrangement as an essential diagnostic criteria and identification of the KMT2A fusion partner as a desirable diagnostic criterion for AML with KMT2A rearrangement (WHO classification of tumors series, 5th ed.; vol. 11).	170	12413,1029,12415,12414	2025-06-17 19:49:42 UTC	https://civicdb.org/links/assertions/170	https://civicdb.org/links/evidence_items/12413,https://civicdb.org/links/evidence_items/1029,https://civicdb.org/links/evidence_items/12415,https://civicdb.org/links/evidence_items/12414	https://civicdb.org/links/molecular_profiles/2675	false
COL1A1::PDGFB Fusion	2841	Dermatofibrosarcoma Protuberans	3507			Diagnostic	Supports	Positive		Tier I - Level A						COL1A1-PDGFB fusion is a diagnostic criterion for dermatofibrosarcoma protuberans (DFSP).	Dermatofibrosarcoma protuberans (DFSP) and its variants, including the pigmented Bednar tumor, are defined by the presence of a COL1A1::PDGFB fusion, resulting from the translocation t(17;22)(q22;q13). This fusion consistently involves exon 2 of PDGFB and a variable breakpoint within exons 6-49 of COL1A1. Professional guidelines (WHO) list the detection of the COL1A1::PDGFB fusion as a diagnostic criterion for DFSP (WHO Classification of Tumours of Soft Tissue and Bone, 5th Edition).	171	12416,12417,12418,11729,9787	2025-10-29 22:31:52 UTC	https://civicdb.org/links/assertions/171	https://civicdb.org/links/evidence_items/12416,https://civicdb.org/links/evidence_items/12417,https://civicdb.org/links/evidence_items/12418,https://civicdb.org/links/evidence_items/11729,https://civicdb.org/links/evidence_items/9787	https://civicdb.org/links/molecular_profiles/2841	false
FLT3 V16L	5471	Acute Myeloid Leukemia	9119			Oncogenic	Supports	Likely Benign			SBS1					The FLT3 p.V16L missense variant is classified as likely benign for FLT3-associated myeloid neoplasm (SBS1).	The NM_004119.3(FLT3):c.46G>C missense variant (rs62636526) results in a substitution of valine with leucine at codon 16 (p.Val16Leu). The variant is present in gnomAD v4.1 at an overall MAF of 0.04116% based on 649 heterozygotes and 4 homozygotes (highest MAF in African/African American population: 0.8122%, 598+8/74616 alleles); the total filtering allele frequency in the African/African American population is 0.7586%. The variant was introduced into a normal cell line (VAF=4.1%) that was used to test the performance of a sequencing assay (PMID: 24142049, Supplementary Table 4C). The germline variant was identified in at least 1/690 patients with myeloid malignancy but not assessed amongst 38821 HRC controls (PMID: 31911633, Supplementary Table 5). The germline variant has also been described in other individuals either without cancer or at least without hematologic malignancy (PMID: 24728327, PMID: 31118516, PMID: 38542393). The missense predictor ClinPred (0.042) does not support a deleterious effect. The splicing algorithm SpliceAI does not show any significant score changes. In summary, this variant has an oncogenic classification of likely benign based on the following ClinGen/CGC/VICC criteria (PMID: 35101336) applied, as specified by the ClinGen FLT3 SC-VCEP (Version 1): SBS1.	172	12424	2025-06-18 19:58:57 UTC	https://civicdb.org/links/assertions/172	https://civicdb.org/links/evidence_items/12424	https://civicdb.org/links/molecular_profiles/5471	false
FLT3 G73E	5472	Acute Myeloid Leukemia	9119			Oncogenic	Supports	Uncertain Significance			OP4					The FLT3 p.G73E missense variant is classified as a VUS for FLT3-associated myeloid neoplasm (OP4).	The NM_004119.3(FLT3):c.218G>A missense variant results in a substitution of glycine with glutamic acid at codon 73 (p.Gly73Glu). The variant is absent from gnomAD v4.1 (>20x coverage). The variant of unclear origin was reported in a patient with CML (PMID: 32943879, Supplementary Table 2). It was also identified in various solid tumors (PMID: 22588877/PMID: 23550210/PMID: 37668528; PMID: 26950094; PMID: 36219477; PMID: 39659251; PMID: 25303977). The missense predictor ClinPred (0.017) does not support a deleterious effect. The splicing algorithm SpliceAI does not show any significant score changes. In summary, this variant has an oncogenic classification of VUS based on the following ClinGen/CGC/VICC criteria (PMID: 35101336) applied, as specified by the ClinGen FLT3 SC-VCEP (Version 1): OP4.	177	12426,12425	2025-06-18 19:58:46 UTC	https://civicdb.org/links/assertions/177	https://civicdb.org/links/evidence_items/12426,https://civicdb.org/links/evidence_items/12425	https://civicdb.org/links/molecular_profiles/5472	false
FLT3 Q338E	5473	Acute Myeloid Leukemia	9119			Oncogenic	Supports	Uncertain Significance			OP4					The FLT3 p.Q338E missense variant is classified as a VUS for FLT3-associated AML (OP4).	The NM_004119.3(FLT3):c.1012C>G missense variant results in a substitution of glutamine with glutamic acid at codon 338 (p.Gln338Glu). The variant is absent from gnomAD v4.1 (>20x coverage). The variant has not been reported in hematologic malignancy, but it was identified in various solid tumors (PMID: 22588877/PMID: 23550210/PMID: 37668528). The missense predictor ClinPred (0.258) does not support a deleterious effect. The splicing algorithm SpliceAI does not show any significant score changes. In summary, this variant has an oncogenic classification of VUS based on the following ClinGen/CGC/VICC criteria (PMID: 35101336) applied, as specified by the ClinGen FLT3 SC-VCEP (Version 1): OP4.	178	12427	2025-06-18 19:58:41 UTC	https://civicdb.org/links/assertions/178	https://civicdb.org/links/evidence_items/12427	https://civicdb.org/links/molecular_profiles/5473	false
FUS::DDIT3 Fusion	703	Myxoid Liposarcoma	5363	Adult onset		Diagnostic	Supports	Positive		Tier I - Level A		Soft Tissue Sarcoma	1.2025			The t(12;16)(q13;p11) rearrangement generating FUS::DDIT3 fusion transcripts is a molecular diagnostic criterion for myxoid liposarcoma (MLS).	The myxoid liposarcoma (MLS, also known as MLPS) and its hypercellular round cell subtype are rare adipocyte-derived soft tissue sarcoma, accounting for 20-30% of liposarcoma. While this disease entity is more common in adults, it can affect individuals of any age and is the most prevalent liposarcoma subtype among children and adolescents. The molecular hallmark of this disease involves DDIT3 (CHOP, GADD153) translocations, with the t(12;16)(q13;p11)-driven FUS::DDIT3 fusions being more prevalent. The rare t(12;22)(q13;q12) translocation producing EWSR1::DDIT3 is found in 3% of cases. These adipocyte-specific chromosomal rearrangements contribute to MLS tumorigenesis by blocking normal adipocyte differentiation. Professional guidelines recognize DDIT3 rearrangement (FUS::DDIT3 or EWSR1::DDIT3 fusions) as desirable diagnostic criterion for MLS (WHO classification of tumor series, 5th ed.; vol 6; NCCN v1.2025).	179	12431,1785,12430	2025-06-18 22:16:31 UTC	https://civicdb.org/links/assertions/179	https://civicdb.org/links/evidence_items/12431,https://civicdb.org/links/evidence_items/1785,https://civicdb.org/links/evidence_items/12430	https://civicdb.org/links/molecular_profiles/703	false
AR AR-V7	358	Prostate Cancer	10283	Adult onset,Late onset	Enzalutamide,Abiraterone	Predictive	Supports	Resistance		Tier I - Level A		Prostate Cancer	2.2025	false		AR-V7 is associated with resistance to Abiraterone and Enzalutamide in patients with metastatic prostate cancer.	AR-V7 is an alternatively spliced version of the androgen receptor that was identified in LNCaP derivative cell lines which gained the ability to grow in an androgen depleted medium. The AR-V7 isoform consists of the first three exons of AR, along with a cryptic exon in place of exons 4 through 9. This isoform retains the N terminal transactivation domain, and the DNA binding domain of AR, but loses the hinge region and ligand binding domain, which suggests that this isoform has the capacity to transactivate downstream targets even in the absence of ligand. AR-V7 was expressed in androgen independent cell lines, and more frequently occurs in the setting of AR gene amplification. Expression of AR-V7 in androgen dependent cells induced androgen independence, and knockdown of AR-V7 in androgen independent cells inhibited androgen independent growth. AR-V7 shows increased capacity to translocate to the nucleus in an androgen independent manner. AR-V7 isoforms are found in castration-resistant prostate cancer, salivary duct carcinoma and breast carcinoma. AR-V7 is associated with resistance to Abiraterone and Enzalutamide in patients with metastatic prostate cancer.	180	9553,9555,863,9547,12463,12464,9576	2025-07-09 19:31:07 UTC	https://civicdb.org/links/assertions/180	https://civicdb.org/links/evidence_items/9553,https://civicdb.org/links/evidence_items/9555,https://civicdb.org/links/evidence_items/863,https://civicdb.org/links/evidence_items/9547,https://civicdb.org/links/evidence_items/12463,https://civicdb.org/links/evidence_items/12464,https://civicdb.org/links/evidence_items/9576	https://civicdb.org/links/molecular_profiles/358	false
v::ZNF384 Fusion	5475	B-lymphoblastic Leukaemia/lymphoma With Other Defined Genetic Alterations				Diagnostic	Supports	Positive		Tier I - Level A						ZNF384 rearrangements are considered essential diagnostic criteria for B-ALL with other defined genetic alterations /B-ALL with ZNF384 rearrangements.	ZNF384 rearrangements are detected in a subset of B-lymphoblastic leukemia patients. ZNF384 fusions typically involve the N-terminal portion of partner genes fused to ZNF384's C-terminus, with TCF3 and EP300 being the most frequent partner genes. These fusions define a distinct subgroup characterized by weak CD10 and aberrant CD13/CD33 expression. Professional guidelines (WHO) list ZNF384 rearrangements as an essential diagnostic criterion for the subtype of B-lymphoblastic leukemia/lymphoma with ZNF384 rearrangement, within the category of B-ALL with other defined genetic alterations (WHO Classification of Tumors series, 5th ed.; vol. 11).	181	12466,12440,12442	2025-07-15 19:27:50 UTC	https://civicdb.org/links/assertions/181	https://civicdb.org/links/evidence_items/12466,https://civicdb.org/links/evidence_items/12440,https://civicdb.org/links/evidence_items/12442	https://civicdb.org/links/molecular_profiles/5475	true
KMT2A::v Fusion	2675	B-lymphoblastic Leukaemia/lymphoma With KMT2A Rearrangement				Diagnostic	Supports	Positive		Tier I - Level A						KMT2A rearrangements are considered essential diagnostic criteria for B lymphoblastic leukemia/lymphoma with KMT2A rearrangement.	KMT2A rearrangements are detected in a subset of B-lymphoblastic leukemia/lymphoma (B-ALL) patients, especially infants. KMT2A fusions typically involve the N-terminal portion of KMT2A and the C-terminal portion of various fusion partners, with AFF1, MLLT1, and MLLT3 being most common. Professional guidelines (WHO and ICC) list KMT2A rearrangement as an essential diagnostic criterion for B-ALL with KMT2A rearrangement (WHO classification of tumors series, 5th ed.; vol. 11).	182	12473,12475,12474	2025-07-17 22:46:50 UTC	https://civicdb.org/links/assertions/182	https://civicdb.org/links/evidence_items/12473,https://civicdb.org/links/evidence_items/12475,https://civicdb.org/links/evidence_items/12474	https://civicdb.org/links/molecular_profiles/2675	true
ZEB2::PDGFRB Fusion	5519	B-lymphoblastic Leukemia/lymphoma, BCR-ABL1–like	0080650			Oncogenic	Supports	Likely Oncogenic			N/A					The ZEB2::PDGFRB is likely oncogenic for Ph-Like B-ALL	The ZEB2::PDGFRB has appeared in 2 individuals with Ph-like B-ALL (CA2). In one patient it appears together with a different fusion PAX5::BZW1. PDGFRB appears as the 3' partner (FG1, civic.eid:12482). In one patient, the reported breaekpoint was in exon 9 of PDGFRB, ahead of the kinase domain (FG2, civic.eid:12480), and both fusion partners were reported in frame (FG3, civic.eid:12482). Functional evidence is given in a meeting abstract with minimal detail (FS, civic.eid:12481).	183	12480,12482,12481	2025-07-28 18:20:21 UTC	https://civicdb.org/links/assertions/183	https://civicdb.org/links/evidence_items/12480,https://civicdb.org/links/evidence_items/12482,https://civicdb.org/links/evidence_items/12481	https://civicdb.org/links/molecular_profiles/5519	false
ETV6::ABL2 Fusion	5527	Hematologic Cancer	2531			Oncogenic	Supports	Uncertain Significance			N/A					ETV6::ABL2 is of uncertain significance in hematological cancer	ETV6::ABL2 has been found in hematological cancers, and at least 4 cases are reported in the literature, 2 AML, one B-ALL and one T_ALL. Multiple reports show ETV6 exons 1 to 5 fused to either base pair 362 or 425 of ABL2 (FG1), in frame (FG3). Both fusion isoforms contain the ETV6 HLH domain as well as the SH3, SH2, and tyrosine kinase domains from ABL2 (FG2). One report describes a patient derived cell line with ETV6::ABL2 and also has R399H mutation on the intact ETV6 allele, that is growth factor independent, but this is not strong enough to meet functional criteria for the Ph-Like SC-VCEP oncogenicity classification. One patient with the fusion was reported to not respond to standard chemotherapy. None of the patients are explicitly described as Ph-Like ALL. Together these findings support criteria FG1 + FG2 + FG3, indicating the fusion is of uncertain significance.	184	12490,12491,12493,12492	2025-08-25 19:49:42 UTC	https://civicdb.org/links/assertions/184	https://civicdb.org/links/evidence_items/12490,https://civicdb.org/links/evidence_items/12491,https://civicdb.org/links/evidence_items/12493,https://civicdb.org/links/evidence_items/12492	https://civicdb.org/links/molecular_profiles/5527	false
NPM1 MUTATION	3007	Acute Myeloid Leukemia With Mutated NPM1	0081089			Diagnostic	Supports	Positive		Tier I - Level A						NPM1 exon 11 mutation, resulting in disruption of the nucleolar localization signal and creation of a cytoplasmic localization signal, is a diagnostic criterion for a subtype of acute myeloid leukemia (AML) with mutated NPM1.	NPM1 mutations are detected in a large subset of acute myeloid leukemia (AML) patients, particularly those with normal cytogenetics. These mutations typically consist of small insertions in the terminal coding exon of NPM1 (NM_002520.7 exon 11; historically refferd to as exon 12), resulting in elongation of the protein, disruption of the C-terminal nucleolar localization signal, and aberrant cytoplasmic localization (NPMc+). Professional guideline (WHO) recognize AML with mutated NPM1 as a distinct diagnostic entity, with the presence of an NPM1 mutation listed as an essential diagnostic criterion and FLT3 mutation status as a key prognostic determinant (WHO classification of tumors series, 5th ed.; vol. 11).	185	108,12494,12495	2025-09-24 22:39:22 UTC	https://civicdb.org/links/assertions/185	https://civicdb.org/links/evidence_items/108,https://civicdb.org/links/evidence_items/12494,https://civicdb.org/links/evidence_items/12495	https://civicdb.org/links/molecular_profiles/3007	false
CBFB::MYH11 Fusion	427	Acute Myeloid Leukemia With Inv(16)(p13.1q22) Or T(16;16)(p13.1;q22)	0081084			Diagnostic	Supports	Positive		Tier I - Level A						CBFB::MYH11 is considered an essential diagnostic criterion for acute myeloid leukemia (AML) with CBFB::MYH11.	CBFB::MYH11 is detected in a distinct subset of acute myeloid leukemia (AML) patients, historically classified as AML with inv(16)(p13q22) or t(16;16)(p13;q22). This rearrangement results in fusion of the CBFB gene on chromosome 16q22 with MYH11 on chromosome 16p13, producing the CBFB::MYH11 fusion transcript. Professional guidelines (WHO) recognize AML with CBFB::MYH11 as a distinct diagnostic entity, with the presence of the CBFB::MYH11 fusion serving as an essential diagnostic criterion (WHO classification of tumors' series, 5th ed.; vol. 11).	186	11793,11791,11792	2025-09-24 22:50:29 UTC	https://civicdb.org/links/assertions/186	https://civicdb.org/links/evidence_items/11793,https://civicdb.org/links/evidence_items/11791,https://civicdb.org/links/evidence_items/11792	https://civicdb.org/links/molecular_profiles/427	false
SRF::v Fusion	5545	Myofibroma And Myopericytoma				Diagnostic	Supports	Positive		Tier I - Level A						SRF rearrangement is a diagnostic criterion for myofibroma and myopericytoma.	Myofibromas and myopericytomas harboring SRF gene fusions are a rare and diagnostically challenging entity that occurs mostly in children and young adults. SRF fusions typically involve the N-terminal portion of SRF and the C-terminal portion of various fusion partners, with RELA being the most common. Professional guidelines (WHO) list detection of SRF rearrangement as a diagnostic criterion for cellular cases of myofibroma (WHO classification of tumours series, 5th ed.; vol. 7).	187	12518,12517,12519,12520	2025-10-21 19:13:48 UTC	https://civicdb.org/links/assertions/187	https://civicdb.org/links/evidence_items/12518,https://civicdb.org/links/evidence_items/12517,https://civicdb.org/links/evidence_items/12519,https://civicdb.org/links/evidence_items/12520	https://civicdb.org/links/molecular_profiles/5545	true
BCR::ABL1 Fusion	1	Chronic Myeloid Leukemia	8552			Diagnostic	Supports	Positive		Tier I - Level A						BCR::ABL1 fusion is a diagnostic criterion for Chronic Myeloid Leukemia (CML).	Chronic Myeloid Leukemia (CML) is a well-defined myeloproliferative neoplasm characterized by the t(9;22)(q34;q11.2) forming the BCR::ABL1 fusion. The fusion is expressed from the derivative chromosome 22, known also as Philadelphia (Ph) chromosome. This fusion results in a constitutively active BCR::ABL1 tyrosine kinase, representing the initiating and defining molecular event in CML pathogenesis. Professional guidelines (WHO) list detection of BCR::ABL1 fusion as a diagnostic criterion for CML (WHO classification of tumors series, 5th ed.; vol. 7).	188	12526,220,12589	2025-11-18 20:46:50 UTC	https://civicdb.org/links/assertions/188	https://civicdb.org/links/evidence_items/12526,https://civicdb.org/links/evidence_items/220,https://civicdb.org/links/evidence_items/12589	https://civicdb.org/links/molecular_profiles/1	false
IGH::CRLF2 Fusion	2532	B-lymphoblastic Leukemia/lymphoma, BCR-ABL1–like	0080650			Diagnostic	Supports	Positive		Tier I - Level A						IGH::CRLF2 rearrangement resulting in CRLF2 overexpression, often accompanied by JAK-STAT pathway mutations, is a diagnostic criterion for B-lymphoblastic leukemia/lymphoma (B-ALL), BCR::ABL1 (Ph)-like subtype.	B-lymphoblastic leukemia/lymphoma (B-ALL), BCR::ABL1 (Ph)-like subtype, is a high-risk leukemia occurring predominantly in adolescents and young adults (AYA). It is characterized by activation of cytokine receptor-like factor 2 (CRLF2) through either IGH::CRLF2 or P2RY8::CRLF2 gene fusions, resulting in CRLF2 overexpression. These rearrangements often co-occur with activating mutations in the JAK-STAT signaling pathway, most commonly JAK2. Professional guidelines (WHO) list detection of CRLF2 gene rearrangements or overexpression, often accompanied by JAK-STAT pathway alterations, as diagnostic criterion for B-lymphoblastic leukemia/lymphoma (B-ALL), BCR::ABL1 (Ph)-like (WHO classification of tumours series, 5th ed.; vol. 7).	189	11613,11622,8233,11621	2025-11-05 23:12:10 UTC	https://civicdb.org/links/assertions/189	https://civicdb.org/links/evidence_items/11613,https://civicdb.org/links/evidence_items/11622,https://civicdb.org/links/evidence_items/8233,https://civicdb.org/links/evidence_items/11621	https://civicdb.org/links/molecular_profiles/2532	false
PAX3::FOXO1 Fusion	2455	Alveolar Rhabdomyosarcoma	4051			Diagnostic	Supports	Positive		Tier I - Level A						PAX3::FOXO1 fusion is a diagnostic criterion for alveolar rhabdomyosarcoma.	Alveolar rhabdomyosarcoma (ARMS) is an aggressive soft tissue malignancy of children and adolescents that is defined by specific gene fusions, most commonly the PAX3::FOXO1. This fusion, resulting from a t(2;13)(q35;q14) translocation, is a primary molecular driver and a highly specific diagnostic marker for this tumor. Its detection is critical for distinguishing ARMS from histologic mimics, particularly the fusion-negative embryonal rhabdomyosarcoma. Professional guidelines (WHO) list the PAX3::FOXO1 fusion as a diagnostic criterion for alveolar rhabdomyosarcoma (WHO Classification of Tumours of Soft Tissue and Bone, 5th Edition).	190	11684,11687,7009	2025-10-29 22:36:37 UTC	https://civicdb.org/links/assertions/190	https://civicdb.org/links/evidence_items/11684,https://civicdb.org/links/evidence_items/11687,https://civicdb.org/links/evidence_items/7009	https://civicdb.org/links/molecular_profiles/2455	false
EWSR1::NFATC2 Fusion	4669	Round Cell Sarcoma With EWSR1-non-ETS Fusion	0081406	Adult onset,Juvenile onset		Diagnostic	Supports	Positive		Tier I - Level A						The t(20;22)(q13.2;q12.2) translocation generating the EWSR1::NFATC2 fusion transcript is a diagnostic criterion for a subset of (small) round cell sarcoma with EWSR1-non-ETS fusions.	The round cell sarcoma (RCS) with EWSR1-non-ETS fusions is a rare undifferentiated sarcoma. It is characterized by gene fusion of a FET family gene EWSR1 or FUS joining with a downstream non-ETS family transcription factor such as NFATC2. The EWSR1::NFATC2 RCSs have a predilection for bones (mainly involved in the metaphysis or diaphysis of long bones) over soft tissue (4:1) with a strong male predominance (5:1). Together with FUS::NFATC2 RCSs, these tumors affect adolescents and adults with a median age of 32.3 years at presentation. The EWSR1::NFATC2 fusion typically results from an unbalanced translocation t(20;22)(q13;q12) and is amplified, which can be detected by EWSR1 break-apart FISH probes. Several fusion variants have been identified and may occur between exons 6-10 of EWSR1 and exons 3-4 of NFATC2. The resulting EWSR1::NFATC2 chimeric protein shows an uncontrolled nuclear localization and activation of NFATC2 to rewire the transcriptome and epigenome of the as yet identified cells of origin. Of significance, professional guidelines recognize ETMR1::NFATC2 gene fusions a diagnostic criterion for a subset of round cell sarcoma with EWSR1-non-ETS fusions (WHO classification of tumor series, 5th edu.; vol 6).	191	12590,11604,12591	2026-03-04 23:07:45 UTC	https://civicdb.org/links/assertions/191	https://civicdb.org/links/evidence_items/12590,https://civicdb.org/links/evidence_items/11604,https://civicdb.org/links/evidence_items/12591	https://civicdb.org/links/molecular_profiles/4669	false
PAX7::FOXO1 Fusion	2456	Alveolar Rhabdomyosarcoma	4051			Diagnostic	Supports	Positive		Tier I - Level A						PAX7::FOXO1 fusion is a diagnostic criterion for alveolar rhabdomyosarcoma.	PAX7::FOXO1 fusion–positive alveolar rhabdomyosarcoma represents a molecularly defined and diagnostically distinct subtype that predominantly affects children and young adults. The fusion event, which joins the DNA-binding domain of PAX7 with the transactivation domain of FOXO1, serves as the principal oncogenic driver. Professional guidelines (WHO) list the detection of PAX7::FOXO1 fusion as a diagnostic criterion for alveolar rhabdomyosarcoma (WHO Classification of Tumours, 5th Edition; Soft Tissue and Bone Tumours).	192	7010,11686,11685	2025-11-05 23:39:14 UTC	https://civicdb.org/links/assertions/192	https://civicdb.org/links/evidence_items/7010,https://civicdb.org/links/evidence_items/11686,https://civicdb.org/links/evidence_items/11685	https://civicdb.org/links/molecular_profiles/2456	false
MYOD1 L122R	2901	Spindle Cell Rhabdomyosarcoma	3260			Diagnostic	Supports	Positive		Tier I - Level A						MYOD1 p.L122R mutation is a diagnostic criterion for spindle cell/sclerosing rhabdomyosarcoma.	Spindle cell and sclerosing rhabdomyosarcomas harboring MYOD1 p.L122R mutations are a distinct and often aggressive entity that occurs across pediatric and adult age groups. The MYOD1 p.L122R mutation is a recurrent hotspot mutation that serves as a primary oncogenic driver. In a study of 49 rhabdomyosarcoma cases, all 10 cases that were positive for L122R were either spindle cell or sclerosing subtypes of RMS (civic.EID:8193), and L122R is found at high frequencies in these subtypes (civic.EID:11582, civic.EID:11585). Professional guidelines (WHO) list the detection of MYOD1 mutation as a diagnostic criterion for spindle cell/sclerosing rhabdomyosarcoma (WHO Classification of Tumors, 5th Edition; Soft Tissue and Bone Tumors).	193	8193,11582,11588,11585	2026-04-22 13:07:24 UTC	https://civicdb.org/links/assertions/193	https://civicdb.org/links/evidence_items/8193,https://civicdb.org/links/evidence_items/11582,https://civicdb.org/links/evidence_items/11588,https://civicdb.org/links/evidence_items/11585	https://civicdb.org/links/molecular_profiles/2901	false
SS18::SSX1 Fusion	444	Synovial Sarcoma	5485			Diagnostic	Supports	Positive		Tier I - Level A						SS18::SSX1 fusion is a diagnostic criterion for synovial sarcoma.	Synovial sarcomas harboring SS18::SSX1 gene fusions are a molecularly defined and diagnostically distinct entity that occurs across a wide age range and in various anatomical sites. The SS18::SSX1 fusion, resulting from the characteristic t(X;18) translocation, juxtaposes the N-terminal portion of SS18 with the C-terminal portion of SSX1 and is the most common fusion variant. Professional guidelines (WHO) list the detection of SS18::SSX1 fusion as a diagnostic criterion for synovial sarcoma (WHO Classification of Tumors, 5th Edition; Soft Tissue and Bone Tumors).	194	1065,12122,1070,1069,1063	2025-11-05 23:40:51 UTC	https://civicdb.org/links/assertions/194	https://civicdb.org/links/evidence_items/1065,https://civicdb.org/links/evidence_items/12122,https://civicdb.org/links/evidence_items/1070,https://civicdb.org/links/evidence_items/1069,https://civicdb.org/links/evidence_items/1063	https://civicdb.org/links/molecular_profiles/444	false
FLT3 D835Y	2880	Acute Myeloid Leukemia	9119		Gilteritinib	Predictive	Supports	Sensitivity/Response		Tier I - Level A				true	true	AML patients with FLT3 D835Y are sensitive to gilteritinib	Gilteritinib is approved for use in relapsed or refractory acute myeloid leukemia with D835 tyrosine kinase domain (TKD) mutations, including D835Y. In a Phase 3 trial, patients with FLT3 TKD mutations showed improved overall survival when treated with gilteritinib over chemotherapy (civic.EID:7728, civic.EID:12622). Ba/F3 cells transformed with FLT3 D835Y respond to gilteritinib treatment (civic.EID:8106), and patient derived AML cells with D835Y have responded to to drug (civic.EID:8108). An AML patient with D835Y mutation, and no other FLT3 mutations, responded with remission to gilteritinb treatment (civic.EID:12620).	195	8106,12622,7728,12620,8108	2025-11-19 15:56:56 UTC	https://civicdb.org/links/assertions/195	https://civicdb.org/links/evidence_items/8106,https://civicdb.org/links/evidence_items/12622,https://civicdb.org/links/evidence_items/7728,https://civicdb.org/links/evidence_items/12620,https://civicdb.org/links/evidence_items/8108	https://civicdb.org/links/molecular_profiles/2880	false
ZMIZ1::ABL1 Fusion	3138	B-lymphoblastic Leukemia/lymphoma, BCR-ABL1–like	0080650			Oncogenic	Supports	Oncogenic			N/A					ZMIZ1::ABL1 is oncogenic in B-ALL	The ZMIZ1::ABL1 fusion has appeared in at least 17 cases of B-ALL not tested for Ph-Like B-ALL signature (civic.eid:9151, civic.eid:12638), and in at least 9 cases confirmed for Ph-Like B-ALL signature, and 1 case of B-ALL that did not show the Ph-Like signature (CA1, GS, civic.eid:12635, civic.eid:12615, civic.eid:11619, civic.eid:9077, civic.eid:9152). ABL1 appears as the 3 prime partner, in frame, and reported fusions are between ZMIZ1 exon 18 and ABL1 exon 2, containing the ABL1 tyrosine kinase domain (FG1, FG2, FG3). Functional evidence for oncogenicity is reported in Ba/F3 cells (FS, civic.eid:11117). Response to dasatinib and chemotherapy was reported in an 11 year old patient with the fusion (CV, civic.eid:11119). Ph-Like Oncogenicity codes met: FG1, FG2, FG3, CA1, GS, FS, CV, indicating an oncogenic fusion.	196	9152,9077,11619,9151,12635,12615,12638	2025-11-24 20:41:39 UTC	https://civicdb.org/links/assertions/196	https://civicdb.org/links/evidence_items/9152,https://civicdb.org/links/evidence_items/9077,https://civicdb.org/links/evidence_items/11619,https://civicdb.org/links/evidence_items/9151,https://civicdb.org/links/evidence_items/12635,https://civicdb.org/links/evidence_items/12615,https://civicdb.org/links/evidence_items/12638	https://civicdb.org/links/molecular_profiles/3138	false
FUS::NFATC2 Fusion	4670	Round Cell Sarcoma With EWSR1-non-ETS Fusion	0081406	Adult onset,Juvenile onset		Diagnostic	Supports	Positive		Tier I - Level A						The t(16;20)(p11.2;q13.2) translocation generating the FUS::NFATC2 fusion transcript is a diagnostic criterion for a subset of (small) round cell sarcoma with EWSR1-non-ETS fusions.	The round cell sarcoma (RCS) with EWSR1-non-ETS fusions is a rare undifferentiated sarcoma. It is characterized by gene fusion of a FET (FUS/EWS/TAF15, previously TET [FUS (TLS)/EWS/TAF15]) family gene EWSR1 or FUS joining with a downstream non-ETS family transcription factor such as NFATC2. The FUS-NFATC2 RCSs have been found exclusively in the long bones. Together with EWSR1-NFATC2 RCSs, these tumors have a strong male predominance (M:F, 5:1) and affect adolescents and adults with a median age of 32.3 years (aged 12-67 years) at presentation. The FUS::NFATC2 fusion results from the translocation t(16;20)(p11.2;q13.2) and has not shown amplification as EWSR1::NFATC2. Of significance, professional guidelines recognize FUS::NFATC2 gene fusions as a diagnostic criterion for a subset of round cell sarcoma with EWSR1-non-ETS fusions (WHO classification of tumor series, 5th ed.).	197	12692,11605,12693	2025-12-16 20:30:10 UTC	https://civicdb.org/links/assertions/197	https://civicdb.org/links/evidence_items/12692,https://civicdb.org/links/evidence_items/11605,https://civicdb.org/links/evidence_items/12693	https://civicdb.org/links/molecular_profiles/4670	false
v::TFE3 Fusion	3598	Perivascular Epithelioid Cell Tumor	2643			Diagnostic	Supports	Positive		Tier I - Level A						TFE3 rearrangement is a diagnostic criterion for PEComas.	TFE3-rearranged perivascular epithelioid cell tumors (PEComas) are a rare and diagnostically challenging subset of PEComas that occur across a wide age range and multiple anatomic sites. TFE3 fusions typically involve the TFE3 gene and various partners, most commonly ASPSCR1, SFPQ, or NONO, resulting in strong nuclear TFE3 expression and distinctive epithelioid clear-cell morphology. Professional guidelines (WHO) list detection of TFE3 rearrangement as a diagnostic criterion for cellular cases of PEComas (WHO classification of tumurs series, 5th ed.; vol. 7).	198	12690,11606,12691	2025-12-16 20:17:41 UTC	https://civicdb.org/links/assertions/198	https://civicdb.org/links/evidence_items/12690,https://civicdb.org/links/evidence_items/11606,https://civicdb.org/links/evidence_items/12691	https://civicdb.org/links/molecular_profiles/3598	false
FGFR3 N540K	3561	Urothelial Carcinoma			Erdafitinib	Predictive	Supports	Resistance		Tier II - Level C				false		Urothelial cancer with FGFR3 N540K shows resistance to erdafitinib.	Two patients with FGFR3-driven urothelial cancer treated with FGFR inhibitors, including erdafitinib, were found to acquire the FGFR3 N540K mutation at disease progression, which was not detected in pretreatment samples (civic.EID:12703, civic.EID:12704). In one case, the mutation emerged following erdafitinib treatment, and in another, it was detected after sequential treatment with erdafitinib and futibatinib (civic.EID:12703, civic.EID:12704). Functional studies using Ba/F3 models showed that expression of FGFR3 N540K in the context of an FGFR3 driver fusion resulted in reduced sensitivity to FGFR inhibitors, including erdafitinib and futibatinib, as indicated by increased IC50 values compared to the driver alone (civic.EID:12706). Biochemical analyses demonstrated that FGFR3 N540K exhibits increased kinase activity, enhanced association with Cdc37/Hsp90 complexes, and reduced thermal stability relative to wild-type FGFR3 (civic.EID:10389).	199	10389,12703,12706,12704	2026-08-07 16:40:56 UTC	https://civicdb.org/links/assertions/199	https://civicdb.org/links/evidence_items/10389,https://civicdb.org/links/evidence_items/12703,https://civicdb.org/links/evidence_items/12706,https://civicdb.org/links/evidence_items/12704	https://civicdb.org/links/molecular_profiles/3561	true
RET M918T	113	Medullary Thyroid Carcinoma	3973		Selpercatinib	Predictive	Supports	Sensitivity/Response		Tier I - Level A		Thyroid Carcinoma	1.2025	true	true	RET M918T is sensitive to selpercatinib in medullary thyroid cancer	RET M918T occurs in the kinase domain of RET, and is found in both germline and somatic RET mutations in medullary thyroid cancer (civic.EID:12711). M918T induces transformation of cells which are sensitive to treatment by selpercatinib (civic.EID:11867, civic.EID:11876). M918T is the most prevalent RET mutation found in patients enrolled in medullary thyroid cancer trials (civic.EID:8851, civic.EID:12708), and the only RET mutation reported in cancerhotspots V2. Patients with M918T have improved progression free survival when treated with selpercatinib over physician’s choice of vandetanib or cabozantinib (civic.EID:12598). Selpercatinib is approved for use in medullary thyroid cancer patients with RET mutations including M918T over 2 years of age based on the results of phase 1/2 (civic.EID:12056, civic.EID:12708) and LIBRETTO-531 phase 3 trials (civic.EID:12157).	200	8851,11867,12157,12711,12598,12708,11876,12056	2026-04-03 15:38:22 UTC	https://civicdb.org/links/assertions/200	https://civicdb.org/links/evidence_items/8851,https://civicdb.org/links/evidence_items/11867,https://civicdb.org/links/evidence_items/12157,https://civicdb.org/links/evidence_items/12711,https://civicdb.org/links/evidence_items/12598,https://civicdb.org/links/evidence_items/12708,https://civicdb.org/links/evidence_items/11876,https://civicdb.org/links/evidence_items/12056	https://civicdb.org/links/molecular_profiles/113	false
RET E632_L633del	4938	Medullary Thyroid Carcinoma	3973		Selpercatinib	Predictive	Supports	Sensitivity/Response		Tier I - Level A		Thyroid Carcinoma	1.2025	true	true	RET E632_L633del is sensitive to selpercatinib in medullary thyroid cancer	RET E632_L633del occurs in the cysteine rich domain of RET, and has been found as a somatic mutation in medullary thyroid cancer. E632_L633del induces transformation of cells which are sensitive to treatment by selpercatinib (civic.EID:12712). The variant has been reported not to be responsive to selpercatinib in a single patient (civic.EID:12714), and to be less sensitive in HEK293 cells than wildtype RET (civic.EID:12715). Other findings have shown response to Selpercatinib in at least 10 patients with E632_L633del (civic.EID:11875, civic.EID:12716) Selpercatinib is approved for use in medullary thyroid cancer patients with RET mutations over 2 years of age based on the results of phase 1/2 (civic.EID:12056) and LIBRETTO-531 phase 3 trials (civic.EID:12157).	201	12714,12157,12716,11875,12056,12715,12712	2026-04-13 17:50:59 UTC	https://civicdb.org/links/assertions/201	https://civicdb.org/links/evidence_items/12714,https://civicdb.org/links/evidence_items/12157,https://civicdb.org/links/evidence_items/12716,https://civicdb.org/links/evidence_items/11875,https://civicdb.org/links/evidence_items/12056,https://civicdb.org/links/evidence_items/12715,https://civicdb.org/links/evidence_items/12712	https://civicdb.org/links/molecular_profiles/4938	false
RET M918T	113	Medullary Thyroid Carcinoma	3973			Oncogenic	Supports	Likely Oncogenic			OS2,OM1,OP1,OP3,OP4					RET M918T is likely oncogenic in medullary thyroid cancer	Published sequencing studies have shown that RET mutations are very common in medullary thryoid carcinoma (MTC) and M918T is the most common specific variant, especially in the MEN2B clinical subtype of familial disease (civic.EID:78) but also in sporadic cases(civic.EID:12800). M918T mutations may predict worse outcomes (civic.EID:74). Biochemical and functional characterization demonstrates that the M918T mutation leads to functional activation of RET relative to wild-type through multiple complementary mechanisms, including increased ATP affinity (>10-fold) and complex stability, reduced conformational rigidity, and the promotion of ligand-independent dimerization and autophosphorylation (civic.EID:12805). Exogenous expression has been shown to induce transformation of Ba/F3 cells (civic.EID:11723), and drive colony formation in NIH3T3 cells (civic.EID:12709, OS2). RET M918T occurs in the region of the tyrosine kinase domain which is associated with multiple endocrine neoplasia type 2 B (OM1). RET M918T is predicted to be deleterious (CHASMplus score 0.314 > VECS gene-specific cutoff of 0.22, OP1). Eleven instances of the variant occur in cancerhotspots.org (V2): 6 Thyroid, 4 Adrenal Gland, 1 Breast (OP3). The variant is absent in gnomAD database (v4.1.0, OP4). Together these criteria indicate that M918T is likely oncogenic, with a score of 9.	202	12805,12709,74,11723,12800,12711,78	2026-04-03 15:35:34 UTC	https://civicdb.org/links/assertions/202	https://civicdb.org/links/evidence_items/12805,https://civicdb.org/links/evidence_items/12709,https://civicdb.org/links/evidence_items/74,https://civicdb.org/links/evidence_items/11723,https://civicdb.org/links/evidence_items/12800,https://civicdb.org/links/evidence_items/12711,https://civicdb.org/links/evidence_items/78	https://civicdb.org/links/molecular_profiles/113	false
FGFR1 Amplification	263	Breast Cancer	1612			Prognostic	Supports	Poor Outcome		Tier II - Level C						FGFR1 Amplification is associated with poor prognosis in breast cancer	FGFR1 Amplification is associated with poor clinical outcomes. In a large breast cancer cohort of 503 assessable patients, FGFR1 amplification was observed in 33 cases (6.6%) and was enriched in the more aggressive luminal B subtype, seen in 69.7 percent of amplified versus 32.6 percent in non-amplified tumors. In this study observed outcome differences did not achieve statistical significance, but there was a trend toward poorer distant metastasis-free survival in patients with FGFR1 amplification [HR=2.08; 95% CI 0.98 to 4.39, P=0.05) (civic.eid:12487). A similar association was observed in the H120 and METABRIC study cohorts of ER-positive breast cancer. In H210 FGFR1 amplification was observed in a higher percentage of luminal B (16.3%, N=17/103) vs luminal A (6.6%, N=6/92) cases and conferred a significant hazard ratio for relapse (HR = 1.96, 95% CI 1.031-3/72, P=0.038). In METABRIC (N=635) the percentage of cases with FGFR amplification was higher in luminal B than in luminal A cases (11.1% vs. 5.5%, P=0.001) and the median relapse-free survival was shorter for cases with amplification than for those without (12.2 vs 21.1 years) (civic.eid:12497). In a separate study of 100 metastatic breast cancer patients, FGFR1 amplification was found in 20 percent of the cohort and associated with decreased median overall survival of 32 versus 54 months (log-rank p=0.0018) (civic.eid:12532). A retrospective study of ctDNA samples from the PALOMA-3 trial (N=401) in patients with advanced ER+ breast cancer found that in both univariable and multivariable analyses gain of FGFR1 was associated with poorer progression-free survival in both treatment groups; there was no interaction with treatment randomization (civic.eid:12486).	203	12532,12486,12497,12487	2025-12-10 20:24:17 UTC	https://civicdb.org/links/assertions/203	https://civicdb.org/links/evidence_items/12532,https://civicdb.org/links/evidence_items/12486,https://civicdb.org/links/evidence_items/12497,https://civicdb.org/links/evidence_items/12487	https://civicdb.org/links/molecular_profiles/263	false
v::MAML2 Fusion	5801	Salivary Gland Mucoepidermoid Carcinoma	0081293			Diagnostic	Supports	Positive		Tier I - Level A						MAML2 rearrangement is a diagnostic criterion for salivary Gland Mucoepidermoid Carcinoma.	Salivary gland mucoepidermoid carcinomas (MECs) harboring CRTC1::MAML2 or CRTC3::MAML2 fusions are a distinct molecular subtype, representing a significant proportion of these tumors. These fusions typically involve the N-terminal portion of a CRTC family gene (CRTC1 or CRTC3) and the C-terminal portion of MAML2, with CRTC1::MAML2 being the most common. Professional guidelines (WHO) list MAML2 rearrangements as a diagnostic criterion for the subtype of salivary gland mucoepidermoid carcinoma (WHO classification of tumors series, 5th ed.; vol. 11).	204	11593,11592,11591	2025-12-12 01:50:15 UTC	https://civicdb.org/links/assertions/204	https://civicdb.org/links/evidence_items/11593,https://civicdb.org/links/evidence_items/11592,https://civicdb.org/links/evidence_items/11591	https://civicdb.org/links/molecular_profiles/5801	false
v::NCOA2 Fusion	4646	Spindle Cell Rhabdomyosarcoma	3260			Diagnostic	Supports	Positive		Tier I - Level A						NCOA2 fusion is a diagnostic criterion for a subset of spindle cell rhabdomyosarcoma (SCRMS).	VGLL2- and NCOA2-rearranged infantile spindle cell rhabdomyosarcoma is a distinct and prognostically favorable entity that occurs almost exclusively in infants under one year of age. VGLL2 or NCOA2 fusions occur with different partner genes, including TEAD1, SRF, and CITED2. Professional guidelines (WHO) list VGLL2 or NCOA2 rearrangements as a diagnostic criterion for the subtype of SCRMS (WHO classification of tumors series, 5th ed.; vol. 11).	205	12731,12699,12727,11566	2026-02-18 23:26:19 UTC	https://civicdb.org/links/assertions/205	https://civicdb.org/links/evidence_items/12731,https://civicdb.org/links/evidence_items/12699,https://civicdb.org/links/evidence_items/12727,https://civicdb.org/links/evidence_items/11566	https://civicdb.org/links/molecular_profiles/4646	false
H3-3A G35W	2294	Bone Giant Cell Tumor	4305			Diagnostic	Supports	Positive		Tier I - Level A						H3-3A G34W is a diagnostic criterion for bone giant cell tumor.	Giant cell tumor of bone (GCT) is a locally aggressive and rarely metastasizing neoplasm, accounting for approximately 5% of all primary bone tumors. Driver mutations affecting H3F3A at codon p.G34—most commonly p.G34W (also reported as p.G35W)—are highly specific to GCT and are not observed in other bone tumors. These mutations are present in the majority of cases, reported in up to 92% and 96% of GCTs in different studies (civic.EID:6469, civic.EID:12749). H3F3A mutations are restricted to glycine 34 substitutions, with rare variants such as G34L, G34R, and G34M also described. While highly specific, sensitivity may vary depending on the detection method, with lower rates reported using Sanger sequencing (civic.EID:12750). The World Health Organization (WHO) classification of tumours recognizes the detection of H3F3A p.G34W as a diagnostic criterion for GCT (WHO Classification of Tumours, 5th edition, Volume 3: Soft Tissue and Bone Tumours).	206	12750,6469,12749	2026-04-24 17:20:38 UTC	https://civicdb.org/links/assertions/206	https://civicdb.org/links/evidence_items/12750,https://civicdb.org/links/evidence_items/6469,https://civicdb.org/links/evidence_items/12749	https://civicdb.org/links/molecular_profiles/2294	false
MALAT1::GLI1 Fusion	5189	Gastroblastoma				Diagnostic	Supports	Positive		Tier I - Level A						MALAT1::GLI1 fusion is a diagnostic criterium for gastroblastoma.	Gastroblastoma is a rare gastric tumor composed of epithelial and spindle cell components that occurs in both children and adults (civic.EID:12080, civic.EID:12753, civic.EID:12754, civic.EID:12755). Professional guidelines (WHO) list MALAT1::GLI1 fusion as a diagnostic criterium for gastroblastoma (WHO classification of tumors series, 5th ed.; vol. 7).	207	12754,12753,12755,12080	2026-05-01 22:17:24 UTC	https://civicdb.org/links/assertions/207	https://civicdb.org/links/evidence_items/12754,https://civicdb.org/links/evidence_items/12753,https://civicdb.org/links/evidence_items/12755,https://civicdb.org/links/evidence_items/12080	https://civicdb.org/links/molecular_profiles/5189	true
EWSR1::PATZ1 Fusion	5820	Round Cell Sarcoma With EWSR1-non-ETS Fusion	0081406	Adult onset,Childhood onset,Juvenile onset		Diagnostic	Supports	Positive		Tier I - Level A						The cryptic intrachromosomal inversion within chromosome 22q12.2 generating the EWSR1::PATZ1 fusion transcript is a diagnostic criterion for a subset of (small) round cell sarcoma with EWSR1-non-ETS fusions.	The round cell sarcoma (RCS) with EWSR1-non-ETS fusions is a rare undifferentiated sarcoma. It is characterized by gene fusions involving a FET (FUS/EWS/TAF15, previously TET [FUS (TLS)/EWS/TAF15]) family gene (EWSR1 or FUS) joined with a downstream non-ETS family transcription factor such as PATZ1. The EWSR1::PATZ1 RCSs occur in the deep soft tissue with a predilection for thoracoabdominal regions and affect individuals with ages ranging from 1 to 81 years (mean of 42 years) at presentation. This gene fusion results from a cryptic paracentric inversion within chromosome 22q12.2, enabling co-directional transcription of EWSR1 and PATZ1 with variable breakpoints located within exons 7-9 of EWSR1 and exon 1 of PATZ1. The resulting chimeric protein joins the transcriptional activation domain of EWSR1 and the DNA-binding zinc fingers of PATZ1. Consequently, this rearrangement converts the transcriptional repressor PATZ1 to a transcriptional activator by the removal of its N-terminal transcriptional repressing BTB/POZ domain. Diagnostically, EWSR1::PATZ1 fusion can be identified by sequencing, but this rearrangement is not detectable by conventional karyotyping and is likely missed by FISH. Of significance, professional guidelines recognize EWSR1::PATZ1 gene fusions as a diagnostic criterion for a subset of round cell sarcoma with EWSR1-non-ETS fusions (WHO classification of tumor series, 5th ed.).	208	12738,12740,12735	2026-01-20 20:26:27 UTC	https://civicdb.org/links/assertions/208	https://civicdb.org/links/evidence_items/12738,https://civicdb.org/links/evidence_items/12740,https://civicdb.org/links/evidence_items/12735	https://civicdb.org/links/molecular_profiles/5820	false
RET E632_L633del	4938	Medullary Thyroid Carcinoma	3973			Oncogenic	Supports	Oncogenic			OS2,OM1,OM2,OP3,OP4					RET E632_L633del is likely oncogenic in medullary thyroid carcinoma	RET E632_L633del occurs in the cysteine rich domain of RET which is associated with multiple endocrine neoplasia type 2 A (OM1). The deletion causes an in frame alteration to protein length (OM2). Exogenous expression has been shown to induce transformation of Ba/F3 cells (civic.EID:12713), and drive colony formation in NIH3T3 cells (civic.EID:11873). Increased autophosphorylation and dimer formation were seen in anti-RET immunoprecipitates from NIH3T3 cells expressing E632_L633del or wild type RET (civic.EID:12817, OS2). The variant is absent in the gnomAD database (OP4). The variant was seen in 13 thyroid cancer patients reported in COSMIC as of February 2025 (OP3). Together these criteria indicate that RET E632_L633del is oncogenic, with a score of 10.	209	12817,11873,12713	2026-06-16 03:34:34 UTC	https://civicdb.org/links/assertions/209	https://civicdb.org/links/evidence_items/12817,https://civicdb.org/links/evidence_items/11873,https://civicdb.org/links/evidence_items/12713	https://civicdb.org/links/molecular_profiles/4938	false
RET P628_L633del	5045	Medullary Thyroid Carcinoma	3973			Oncogenic	Supports	Uncertain Significance			OM1,OM2,OP4					RET P628_L633del has uncertain significance in medullary thyroid carcinoma	RET P628_L633del occurs in the cysteine rich domain of RET which is associated with multiple endocrine neoplasia type 2 A (OM1). The deletion causes an in frame alteration to protein length (OM2). The variant is absent in gnomAD database (OP4). Together these criteria classify RET P628_L633del as a variant of unknown significance, with a score of 5. Literature reports of P628_L633del were not found, but it is approved for treatment with selpercatinib in medullary thyroid carcinoma (civic.EID:12157)	210	12157	2026-01-12 16:04:04 UTC	https://civicdb.org/links/assertions/210	https://civicdb.org/links/evidence_items/12157	https://civicdb.org/links/molecular_profiles/5045	false
RET P628_L633del	5045	Medullary Thyroid Carcinoma	3973		Selpercatinib	Predictive	Supports	Sensitivity/Response		Tier I - Level A				true	true	RET P628_L633del is approved for selpercatinib in medullary thyroid cancer	RET P628_L633del is a deletion in the cysteine-rich domain of RET. Selpercatinib is approved for the treatment of patients aged ≥2 years with RET mutation–positive medullary thyroid cancer, based on results from phase 1/2 studies (civic.EID:12056) and the phase 3 LIBRETTO-531 trial (civic.EID:12157). However, no published data specifically report the response of RET P628_L633del to selpercatinib in medullary thyroid cancer.	211	12056,12157	2026-05-06 20:45:28 UTC	https://civicdb.org/links/assertions/211	https://civicdb.org/links/evidence_items/12056,https://civicdb.org/links/evidence_items/12157	https://civicdb.org/links/molecular_profiles/5045	false
v::FOSB Fusion	5889	Pseudomyogenic Hemangioendothelioma				Diagnostic	Supports	Positive		Tier I - Level A						FOSB fusions are a diagnostic criterion for Pseudomyogenic Hemangioendothelioma.	Pseudomyogenic hemangioendothelioma (PHE) is a rare endothelial tumor that predominantly affects children and young adults. The genetics of PHE is not fully characterized. However, recent studies have identified SERPINE1::FOSB (civic.eid:11785), WWTR1::FOSB (civic.eid:12752), and ACTB::FOSB (civic.eid:12779) fusions that support the diagnosis of PHE. The World Health Organization (WHO) classification of tumours recognizes the detection of FOSB fusions as a diagnostic criterion for PHE (WHO Classification of Tumours, 5th edition, Volume 3: Soft Tissue and Bone Tumours).	212	12752,11785,12779	2026-06-05 03:25:39 UTC	https://civicdb.org/links/assertions/212	https://civicdb.org/links/evidence_items/12752,https://civicdb.org/links/evidence_items/11785,https://civicdb.org/links/evidence_items/12779	https://civicdb.org/links/molecular_profiles/5889	true
v::TYK2 Fusion	5856	B-lymphoblastic Leukemia/lymphoma, BCR-ABL1–like	0080650			Diagnostic	Supports	Positive		Tier I - Level A						TYK2 rearrangements are considered diagnostic criterion for B-lymphoblastic leukemia/lymphoma with BCR::ABL1-like features.	TYK2 gene rearrangements are a rare, recurrent, and diagnostic finding in B-lymphoblastic leukemia/lymphoma subtype with BCR::ABL1-like features. These fusions juxtapose a partner gene's (commonly MYB) N-terminus with the C-terminal tyrosine kinase domain of TYK2, leading to its constitutive, oncogenic activation. Professional guidelines (WHO) list TYK2 rearrangements as a diagnostic criterion for B-lymphoblastic leukemia/lymphoma with BCR::ABL1-like features (WHO classification of tumors series, 5th ed.; vol. 11).	213	12803,12810	2026-02-19 00:06:01 UTC	https://civicdb.org/links/assertions/213	https://civicdb.org/links/evidence_items/12803,https://civicdb.org/links/evidence_items/12810	https://civicdb.org/links/molecular_profiles/5856	true
v::LYN Fusion	5858	B-lymphoblastic Leukemia/lymphoma, BCR-ABL1–like	0080650			Diagnostic	Supports	Positive		Tier I - Level A						LYN rearrangements are considered diagnostic criteria for B-lymphoblastic Leukemia/lymphoma With BCR::ABL1-like Features.	LYN gene rearrangements are a rare, recurrent, and diagnostic finding in the B-lymphoblastic leukemia/lymphoma subtype with BCR::ABL1-like features. These fusions juxtapose a partner gene's (commonly NCOR1) N-terminus with the C-terminal tyrosine kinase domain of LYN, leading to its constitutive, oncogenic activation (civic.eid:12801, civic.eid:12802, civic.eid:12809). Professional guidelines (WHO) list rearrangements involving kinase genes—including LYN— as a diagnostic criterion for B-lymphoblastic leukemia/lymphoma with BCR::ABL1-like features (WHO classification of tumors series, 5th ed.; vol. 11).	214	12802,12809,12801	2026-03-18 22:29:24 UTC	https://civicdb.org/links/assertions/214	https://civicdb.org/links/evidence_items/12802,https://civicdb.org/links/evidence_items/12809,https://civicdb.org/links/evidence_items/12801	https://civicdb.org/links/molecular_profiles/5858	true
EZH2 Y646N	3958	Follicular Lymphoma	0050873			Oncogenic	Supports	Likely Oncogenic			OS2,OM1,OP1,OP3,OP4					EZH2 Y646N is likely oncogenic in follicular lymphoma	EZH2 Y646N (frequently reported as Y641N in the literature) is a recurrent somatic variant in follicular lymphoma (civic.EID:433, civic.EID11111). Functional studies demonstrate that this variant alters EZH2 enzymatic specificity, showing increased H3K27 trimethylation, variably increased/decreased activity against monomethylated, and decreased/unchanged activity against unmethylated substrates compared to wild-type, for a net gain-of-function effect (civic.EID:EID9412, civic.EID:9518, civic.EID:9520, EID11011, OS2). Additionally, inhibition of EZH2 in Y646N-mutated lymphoma cell lines results in reduced proliferation, cell cycle arrest, and apoptosis, supporting an oncogenic role in driving lymphomagenesis (civic.EID:11013, OS2). The Y646N variant is located in the catalytic SET domain (OM1), is predicted to be a driver mutation (CHASMplus score 0.297-0.317 > VECS gene-specific cutoff of 0.28, OP1), is observed in cancerhotspots.org (V2): 7 Lymph, 5 Skin, 1 Other (OP3), and is absent from population databases (gnomAD database v4.1.0, OP4). Together these criteria indicate that Y646N is likely oncogenic, with a score of 9.	215	11013,9520,433,11011,9518,11111,9412	2026-05-22 19:46:28 UTC	https://civicdb.org/links/assertions/215	https://civicdb.org/links/evidence_items/11013,https://civicdb.org/links/evidence_items/9520,https://civicdb.org/links/evidence_items/433,https://civicdb.org/links/evidence_items/11011,https://civicdb.org/links/evidence_items/9518,https://civicdb.org/links/evidence_items/11111,https://civicdb.org/links/evidence_items/9412	https://civicdb.org/links/molecular_profiles/3958	false
FLT3 D835Y	2880	Acute Myeloid Leukemia	9119			Oncogenic	Supports	Oncogenic			N/A					FLT3 D835Y has an oncogenicity classification of Oncogenic based on the following FLT3 SC-VCEP-specified codes of the ClinGen/CGC/VICC criteria: OS2+OS3+OP1+OP4.	FLT3 c.2503G>T p.(Asp835Tyr) has demonstrated the ability to induce ligand-independent cell proliferation in 32D cells and Ba/F3 cells, leading to constitutive FLT3 activation and phosphorylation of downstream pathway molecules (OS2). This variant is located in COSMIC, cBioPortal and published peer-reviewed literature with variants at the same residue in at least 15 hematologic malignancy samples, and the same amino acid change in at least 5 myeloid malignancy samples with at least 3 samples having somatic status confirmed (OS3). The missense predictor ClinPred supports an oncogenic effect with a score of 1.0 (OP1). This variant is absent from gnomAD v4.1.0 and is in a region with > 20x coverage (OP4).	216	12617,12618,12812,12824,247,8111,8108,12813	2026-02-11 23:01:14 UTC	https://civicdb.org/links/assertions/216	https://civicdb.org/links/evidence_items/12617,https://civicdb.org/links/evidence_items/12618,https://civicdb.org/links/evidence_items/12812,https://civicdb.org/links/evidence_items/12824,https://civicdb.org/links/evidence_items/247,https://civicdb.org/links/evidence_items/8111,https://civicdb.org/links/evidence_items/8108,https://civicdb.org/links/evidence_items/12813	https://civicdb.org/links/molecular_profiles/2880	false
EWSR1::TFCP2 Fusion	5872	Spindle Cell Rhabdomyosarcoma	3260	Adult onset,Pediatric onset,Juvenile onset		Diagnostic	Supports	Positive		Tier I - Level A						EWSR1::TFCP2 gene fusion is a diagnostic criterion for intraosseous spindle cell/sclerosing rhabdomyosarcoma (SCSRMS).	Spindle cell/sclerosing rhabdomyosarcoma (SCSRMS) is a rare type of rhabdomyosarcoma characterized by fascicular spindle cell and/or sclerosing morphology. Three subtypes are recognized: congenital/infantile SCSRMS, which typically affects patients under 12 years and is associated with VGLL2, NCOA2, or CITED2 gene fusions; MYOD1-mutant SCSRMS, which is more aggressive and shows a decreased male-to-female ratio; and intraosseous SCSRMS, defined by EWSR1 or FUS fused to TFCP2, which primarily arises in bone in adolescents and young adults (civic.eid:12825, civic.eid:12826, civic.eid:12827). The intraosseous subtype often displays variable spindle and epithelioid morphology and may show cytokeratin or ALK positivity in a subset of tumors. Clinically, intraosseous SCSRMS typically presents as a rapidly growing, painless mass with aggressive behavior and frequent metastases. Detection of the EWSR1::TFCP2 gene fusion by FISH or targeted RNA sequencing serves as a key molecular diagnostic criterion for this subtype (civic.eid:12825, civic.eid:12826, civic.eid:12827). Professional guidelines list these gene rearrangements and fusions as a diagnostic criterion for intraosseous SCSRMS (WHO classification of tumor series, 5th ed. volume 3).	217	12826,12825,12827	2026-03-17 19:21:02 UTC	https://civicdb.org/links/assertions/217	https://civicdb.org/links/evidence_items/12826,https://civicdb.org/links/evidence_items/12825,https://civicdb.org/links/evidence_items/12827	https://civicdb.org/links/molecular_profiles/5872	false
EWSR1::ATF1 Fusion	2923	Clear Cell Sarcoma	4233	Young adult onset		Diagnostic	Supports	Positive		Tier I - Level A						EWSR1::ATF1 in-frame gene fusion is a diagnostic criterion for clear cell sarcoma (CCS)	Clear cell sarcoma (CCS) is a malignant mesenchymal tumor of the deep soft tissue found typically in the lower extremities of young adults (civic.eid:12829). Cytogenetic studies have shown that CCS often has a recurrent chromosomal translocation: t(12;22)(q13;q12) (civic.eid:12829, civic.eid:12830, civic.eid:8265). Further, reverse transcriptase (RT)-PCR performed on RNA from fresh, frozen, or FFPE tumor tissue confirms the presence of an in-frame gene fusion between Exon 8 of EWSR1 and codon 65 of ATF1 (civic.eid:12830). This RT-PCR assay can be used as a molecular diagnostic test for CCS. The World Health Organization (WHO) classification of tumors recognizes the detection of EWSR1::ATF1 as a diagnostic criterion for CCS (WHO Classification of Tumors, 5th edition, Volume 3: Soft Tissue and Bone Tumors).	219	12829,8265,12830	2026-04-21 19:31:01 UTC	https://civicdb.org/links/assertions/219	https://civicdb.org/links/evidence_items/12829,https://civicdb.org/links/evidence_items/8265,https://civicdb.org/links/evidence_items/12830	https://civicdb.org/links/molecular_profiles/2923	false
FLT3 Y572C	5855	Acute Myeloid Leukemia	9119			Oncogenic	Supports	Likely Oncogenic			OS2,OM1,OP1,OP3,OP4					This variant p.Tyr572Cys is classified as oncogenic based on the FLT3 SC-VCEP Oncogenicity specifications.	The FLT3 (NM_004119.3) variant, p.Tyr572Cys, resulting from c.1715A>G, occurs within the juxtamembrane domain (OM1). The variant has been reported at a residue with at least 15 hematologic malignancy samples, and p.Tyr572Cys has been reported in at least 5 myeloid malignancy samples with at least 3 samples having somatic status confirmed (OS3; civic.eid:13041, civic.eid:13040, cBioPortalv7.0.0, COSMICv104). The c.1715A>G variant is observed at groupmax filtering allele frequency of 0.002977% in the East Asian population (OP4) in the Genome Aggregation Database (v4.1) indicating it is not a common polymorphism. Computational analyses predict that the p.Tyr572Cys variant is deleterious (ClinPred), and neither impacts a nearby canonical splice site nor creates a cryptic splice site (SpliceAI) (OP1). Functional analysis with p.Tyr572Cys variant in Ba/F3 cell lines shows ligand-independent FLT3 receptor constitutive activation, activation of intracellular signaling, and cellular proliferation (OS2; civic.eid:12785, civic.eid:12791, civic.eid:12792, civic.eid:12795). This variant p.Tyr572Cys has a cumulative score of 12 and is classified as oncogenic based on the FLT3 SC-VCEP Oncogenicity specifications.	220	12785,13040,13041,12792,12791,12795	2026-07-09 17:27:28 UTC	https://civicdb.org/links/assertions/220	https://civicdb.org/links/evidence_items/12785,https://civicdb.org/links/evidence_items/13040,https://civicdb.org/links/evidence_items/13041,https://civicdb.org/links/evidence_items/12792,https://civicdb.org/links/evidence_items/12791,https://civicdb.org/links/evidence_items/12795	https://civicdb.org/links/molecular_profiles/5855	false
MET Splice Site (c.3028+1G>T)	4288	Lung Non-small Cell Carcinoma	3908			Oncogenic	Supports	Likely Oncogenic			OS2,OM1,OM2,OP1,OP4					MET Splice Site (c.3028+1G>T) is likely oncogenic in NSCLC	MET c.3028+1G>T is a somatic variant in NSCLC. MET c.3028+1G>T has been shown to lead to MET exon 14 skipping (civic.EID:12831, civic.EID:1185, civic.EID:12839, OS2, OM2). Functional studies demonstrate that MET exon 14 skipping prevents the essential Tyr1003 residue for MET-product ubiquitation (civic.EID:11221, civic.EID:12840, OS2) which leads to enhanced HGFR oncogenic signaling and decreased degredation. c.3028+1G>T is reported in literature to be in the juxtamembrane domain, however it is not contained in Pfam and UniProt domains [partial OM1]. It is predicted with SpliceAI to be oncogenic with a donor loss delta score of 0.94 (internal cutoff >0.70) [OP1], and is absent from gnomAD population databases [OP4]. These evidence codes added up to a score of 9 resulting in a classification of likely oncogenic.	221	12840,1185,11221,12839,12831	2026-03-01 23:19:28 UTC	https://civicdb.org/links/assertions/221	https://civicdb.org/links/evidence_items/12840,https://civicdb.org/links/evidence_items/1185,https://civicdb.org/links/evidence_items/11221,https://civicdb.org/links/evidence_items/12839,https://civicdb.org/links/evidence_items/12831	https://civicdb.org/links/molecular_profiles/4288	false
FOS Rearrangement	4657	Osteoblastoma	0060098			Diagnostic	Supports	Positive		Tier I - Level A						A FOS or FOSB rearrangement is a diagnostic criterion for osteoblastoma and osteoid osteoma.	Osteoblastoma and osteoid osteoma are benign bone tumors that predominantly affect adolescents and young adults. Whole-genome sequencing and cytogenetic studies have shown that these tumors are characterized by FOS rearrangements in the majority of cases, with FOSB rearrangements present in a smaller subset (civic.eid:11596, civic.eid:11597, civic.eid:11787). The rearrangements typically retain the 5' end of FOS or FOSB, including the dominant transactivation and bZIP domains, and involve various 3' fusion partners such as ANKH, RUNX2, and others (civic.eid:11596, civic.eid:11787). FOS immunohistochemistry shows strong nuclear expression in nearly all tumors with FOS rearrangements, and FISH can confirm these genetic alterations, aiding in differentiation from more aggressive osteoblastic osteosarcomas (civic.eid:11596, civic.eid:11786, civic.eid:11597). Professional guidelines (WHO) list a FOS or FOSB rearrangement as a diagnostic criterion for osteoblastoma and osteoid osteoma (WHO classification of tumors series, 5th ed.; vol. 7).	222	11787,11597,11596,11786	2026-05-01 22:48:22 UTC	https://civicdb.org/links/assertions/222	https://civicdb.org/links/evidence_items/11787,https://civicdb.org/links/evidence_items/11597,https://civicdb.org/links/evidence_items/11596,https://civicdb.org/links/evidence_items/11786	https://civicdb.org/links/molecular_profiles/4657	false
EWSR1::CREB1 Fusion	5953	Angiomatoid Fibrous Histiocytoma				Diagnostic	Supports	Positive		Tier I - Level A		Soft Tissue Sarcoma	2.2026			The EWSR1::CREB1 fusion represents the defining molecular feature of angiomatoid fibrous histiocytoma (AFH).	The EWSR1::CREB1 fusion represents the defining molecular feature of angiomatoid fibrous histiocytoma (AFH), supported by multi‑platform evidence demonstrating consistent detection of the canonical EWSR1 exon 7–CREB1 exon 7 fusion across cohorts (civic.EID :12855). This fusion aids in distinguishing AFH from clear cell sarcoma and other EWSR1‑rearranged mimics (civic.EID:12852). Although most EWSR1::CREB1‑positive AFH tumors show indolent clinical behavior, a documented case of widely metastatic, fatal disease confirms that this fusion, while diagnostically definitive, does not uniformly confer a favorable prognosis (civic.EID:12853). The World Health Organization (WHO) classification of tumors recognizes the detection of EWSR1::CREB1 as a diagnostic criterion for AFH (WHO Classification of Tumors, 5th edition, Volume 3: Soft Tissue and Bone Tumors).	223	12855,12852,12853	2026-05-16 20:35:24 UTC	https://civicdb.org/links/assertions/223	https://civicdb.org/links/evidence_items/12855,https://civicdb.org/links/evidence_items/12852,https://civicdb.org/links/evidence_items/12853	https://civicdb.org/links/molecular_profiles/5953	true
H3-3A K28M	2289	Diffuse Midline Glioma, H3 K27-altered	0080684	Glioma		Diagnostic	Supports	Positive		Tier I - Level A						Mutations in H3-3A at K28M residue in the setting of a diffuse glioma in a midline location, combined with loss of H3 K28 trimethylation, is a diagnostic criterion for Diffuse Midline Glioma, H3 K27-altered (CNS WHO Grade 4)	Mutations in H3-3A at the K28M residue in the setting of a diffuse glioma in a midline location, combined with loss of H3 K28 trimethylation, are one of the diagnostic criteria for Diffuse Midline Glioma, H3 K27-altered (CNS WHO Grade 4). K28M mutations (often called K27M in the literature) are recurrent somatic missense SNVs in H3-3A, encoding the replication-independent histone variant H3.3 (civic.EID:9792, civic.EID:6450, civic.EID:10605, civic.EID:6453). Accompanying SNVs are frequent in TP53, ATRX and ACVR1, in addition to CNVs in PDGFRA, KIT and KD2. The presence of the variant must be accompanied by other essential diagnostic criteria: a diffuse glioma in a midline location (thalamus, brainstem, spinal cord, cerebellum), with loss of H3 p.K28me3. H3-3A p.K28M and H3 K28me3 loss may be assessed by immunohistochemistry. The WHO Classification of Tumours of the Central Nervous System, 5th Edition (2021) designates an H3 p.K28M/I variant as an essential diagnostic criterion of Diffuse Midline Glioma, H3 K27-altered, CNS WHO Grade 4 (civic.EID:8626).	224	10602,9792,6453,10600,6450,10605,8626	2026-06-23 19:06:51 UTC	https://civicdb.org/links/assertions/224	https://civicdb.org/links/evidence_items/10602,https://civicdb.org/links/evidence_items/9792,https://civicdb.org/links/evidence_items/6453,https://civicdb.org/links/evidence_items/10600,https://civicdb.org/links/evidence_items/6450,https://civicdb.org/links/evidence_items/10605,https://civicdb.org/links/evidence_items/8626	https://civicdb.org/links/molecular_profiles/2289	false
FLT3 Y572del	3195	Acute Myeloid Leukemia	9119	Acute myeloid leukemia		Oncogenic	Supports	Likely Oncogenic			OS2,OM2,OP4	Acute Myeloid Leukemia	3.2026			The p.Tyr527del variant is classified as likely oncogenic based on the FLT3 SC-VCEP Oncogenicity specifications.	The FLT3 (NM_004119.3) variant, p.Tyr572del, resulting from c.1714_1716del, is an in-frame deletion within the juxtamembrane domain (OM1,OM2), and has not been reported as an acquired variant in individuals with hematological malignancies (cBioPortalv7.0.0, COSMICv104). The c.1714_1716del variant is also absent from the Genome Aggregation Database(v4.1) indicating it is not a common polymorphism (OP4). Computational analyses were not performed as this is not a missense variant. Functional analysis with p.Tyr572del variant in Ba/F3 cell lines shows ligand-independent FLT3 receptor constitutive activation, activation of intracellular signaling, and cellular proliferation (OS2; civic.eid:12858). This variant has a cumulative score of 9 and is classified as likely oncogenic based on the FLT3 SC-VCEP Oncogenicity specifications.	225	12858	2026-07-07 17:57:48 UTC	https://civicdb.org/links/assertions/225	https://civicdb.org/links/evidence_items/12858	https://civicdb.org/links/molecular_profiles/3195	false
MET Splice Site (c.3028+1G>T)	4288	Lung Non-small Cell Carcinoma	3908		Capmatinib	Predictive	Supports	Sensitivity/Response		Tier I - Level A		Non-Small Cell Lung Cancer	5.2026	true	true	MET c.3028+1G>T is sensitive to capmatinib in non-small cell lung cancer	MET c.3028+1G>T is a somatic variant in NSCLC. MET c.3028+1G>T has been shown to lead to MET exon 14 skipping (civic.EID:12831, civic.EID:1185, civic.EID:12839). In preclinical studies, H596 cells harboring mutant c-MET due to exon 14 deletion were shown to be sensitive to capmatinib (INCB28060) inhibiting phospho-c-MET in in-vitro ELISA studies (civic.EID:12866). Patients resistant to crizotinib with MET alterations (including MET exon 14 skipping and MET amp) showed a disease control rate of 80% on capmatinib, with several of them with stable disease lasting 6+ months (civic.EID:11458). Capmatinib is approved for use in non-small cell lung cancer with MET exon 14 skipping based on results of the GEOMETRY mono-1 trial (civic.EID:8847).	226	11458,8847,12839,1185,12831,12866	2026-03-24 17:57:37 UTC	https://civicdb.org/links/assertions/226	https://civicdb.org/links/evidence_items/11458,https://civicdb.org/links/evidence_items/8847,https://civicdb.org/links/evidence_items/12839,https://civicdb.org/links/evidence_items/1185,https://civicdb.org/links/evidence_items/12831,https://civicdb.org/links/evidence_items/12866	https://civicdb.org/links/molecular_profiles/4288	false
PAX5::v Fusion	5887	B-lymphoblastic Leukemia With PAX5alt	0070626	Adult onset,Juvenile onset,Childhood onset		Diagnostic	Supports	Positive		Tier I - Level A						PAX5 fusions with different partner genes, excluding PAX5::JAK2 and PAX5::ZCCHC7, represent a diagnostic criterion for B-lymphoblastic leukemia (B-ALL) with PAX5 alterations (PAX5alt).	B-lymphoblastic leukemia (B-ALL) with PAX5 alterations (PAX5Alt) is a recently described subtype classified within B-ALL/lymphoma (B-ALL/LBL) with other defined genetic alterations (civic.EID:12867, civic.EID:12869). PAX5 is a B-lineage–specific transcription factor and a master regulator of B-cell development. A variety of PAX5 alterations have been identified in PAX5Alt B-ALL, including PAX5 fusions with different partner genes (excluding PAX5::JAK2 and PAX5::ZCCHC7), non–p.P80R point mutations, and focal intragenic amplifications (civic.EID:12867). More than two dozen translocation partners have been reported, all producing in-frame fusion proteins, with PAX5::ETV6 being the most frequently described (civic.EID:12867, civic.EID:12869). Professional guidelines list the presence of PAX5 fusions (except PAX5::JAK2 and PAX5::ZCCHC7) as a diagnostic criterion for PAX5Alt B-ALL (WHO Classification of Tumours Series, 5th edition, Vol. 11).	227	12867,12838,12868,12869	2026-05-20 19:03:49 UTC	https://civicdb.org/links/assertions/227	https://civicdb.org/links/evidence_items/12867,https://civicdb.org/links/evidence_items/12838,https://civicdb.org/links/evidence_items/12868,https://civicdb.org/links/evidence_items/12869	https://civicdb.org/links/molecular_profiles/5887	true
VGLL2::v Fusion	4645	Spindle Cell Rhabdomyosarcoma	3260	Infantile onset		Diagnostic	Supports	Positive		Tier I - Level A						VGLL2 fusion is a diagnostic criterion for a subset of spindle cell rhabdomyosarcoma (SCRMS).	Infantile spindle cell and sclerosing rhabdomyosarcoma (SCSRMS) is a rare subtype of rhabdomyosarcoma that occurs in children under one year of age (civic.eid:12870, civic.eid:11565, civic.eid:11568, civic.eid:12871). While histopathologic analysis identifies a monomorphic spindle cell pattern resembling infantile fibrosarcoma in these tumors (civic.eid:11565, civic.eid:11568), molecular studies confirm recurrent VGLL2 fusions, most commonly VGLL2::NCOA2 and VGLL2::CITED2 (civic.eid:12870, civic.eid:11565, civic.eid:11568, civic.eid:12871). These fusions can be detected using RNA sequencing, FISH, targeted DNA sequencing, or RT-PCR, and serve as a molecular diagnostic test for infantile SCSRMS (civic.eid:12870, civic.eid:11565, civic.eid:11568, civic.eid:12871). The presence of VGLL2 fusions defines a distinct, clinically favorable infantile SCSRMS subgroup and enables molecular distinction from embryonal and alveolar RMS subtypes (civic.eid:12870, civic.eid:11565, civic.eid:11568, civic.eid:12871). Professional guidelines (WHO) list VGLL2 rearrangements as a diagnostic criterion for the subtype of SCSRMS (WHO classification of tumors series, 5th ed.; vol. 11).	228	12871,11568,11565,12870	2026-04-21 19:39:19 UTC	https://civicdb.org/links/assertions/228	https://civicdb.org/links/evidence_items/12871,https://civicdb.org/links/evidence_items/11568,https://civicdb.org/links/evidence_items/11565,https://civicdb.org/links/evidence_items/12870	https://civicdb.org/links/molecular_profiles/4645	false
PAG1::ABL2 Fusion	3393	B-lymphoblastic Leukemia/lymphoma, BCR-ABL1–like	0080650			Oncogenic	Supports	Oncogenic			N/A					PAG1::ABL2 is oncogenic in Ph-Like B-ALL	Fusion between the tumor suppressor PAG1 and tyrosine kinase ABL2 has been reported in at least two cases of Ph-like B-ALL (GS, CA2), in frame, with an intact tyrosine kinase domain, and ABL2 as the 3 prime partner (FG1, FG2, FG3, civic.EID:12872, civic.EID:9721). Functional studies showed that PAG1::ABL2 induced IL3 independent growth in Ba/F3 cells, and that in human and mouse hematopoietic cells, PAG1 was expressed at a higher level that ABL2, indicating a mechanism for increased and unregulated expression of ABL2 kinase when fused to PAG1 and driven by its promoter (FS). Collectively, FG1+FG2+FG3+CA2+GS results in an Oncogenic classification for PAG1::ABL2 via the ClinGen BCR::ABL1-like Somatic Cancer Variant Curation Expert Panel (SC-VCEP) fusion oncogenicity rules.	229	12873,9721,12872	2026-03-30 19:28:53 UTC	https://civicdb.org/links/assertions/229	https://civicdb.org/links/evidence_items/12873,https://civicdb.org/links/evidence_items/9721,https://civicdb.org/links/evidence_items/12872	https://civicdb.org/links/molecular_profiles/3393	false
EZH2 A682G	4343	Follicular Lymphoma	0050873			Oncogenic	Supports	Likely Oncogenic			OS2,OM1,OP3,OP4					Tazemetostat has been withdrawn for treatment of follicular lymphoma with EZH2 A682G	EZH2 A682G (occasionally reported as A677G in the literature) is a recurrent somatic variant in the catalytic SET domain observed in follicular lymphoma (civic.EID:11111). Clinical studies show that A682G persists across multiple tumor sites, correlates with elevated circulating tumor DNA, aggressive disease, resistance to immunochemotherapy, and poor outcomes, supporting its oncogenic role (civic.EID:12875). Cohort sequencing studies demonstrate that A682G is a recurrent somatic variant in follicular lymphoma (civic.EID:12876). Additionally, RNA-seq analysis of a diffuse large B-cell lymphoma (DLBCL) case demonstrated preferential mutant allele expression of A682G, indicating positive selection and a functional role in tumorigenesis (civic.EID:12904). Functional studies of nearby SET domain hotspot mutations reveal gain-of-function enzymatic activity, increased H3K27 trimethylation, and transcriptional repression, indicating a shared mechanism for oncogenic SET domain mutations (OS2; civic.EID:12408). The A682G variant is located in the catalytic SET domain (OM1), observed in cBioPortal: 3 Lymph, 6 Others (OP3), and absent from population databases (gnomAD v4.1.0, OP4). Together, these criteria indicate that A682G is likely oncogenic, with a score of 8. After accelerated FDA approval in 2020, Tazemetostat (Tazverik) was voluntarily withdrawn from all markets and indications on March 9, 2026, after an independent data monitoring committee identified cases of secondary hematologic malignancies in the SYMPHONY-1 trial. In addition, the FDA issued a Drug Alert detailing the increased rate of hematologic secondary primary malignancies (SPMs) associated to the drug. It was reported that 18 out of 318 (5.7%) of patients treated with Tazemetostat developed hematologic SPMs, with no SPM events in the control arm. Most of the SPMs were myelodysplastic syndrome or acute myeloid leukemia.	230	11111,12876,12408,12875,12904	2026-05-30 05:41:21 UTC	https://civicdb.org/links/assertions/230	https://civicdb.org/links/evidence_items/11111,https://civicdb.org/links/evidence_items/12876,https://civicdb.org/links/evidence_items/12408,https://civicdb.org/links/evidence_items/12875,https://civicdb.org/links/evidence_items/12904	https://civicdb.org/links/molecular_profiles/4343	false
EZH2 A682G	4343	Follicular Lymphoma	0050873		Tazemetostat	Predictive	Supports	Sensitivity/Response		Tier I - Level A		B-Cell Lymphomas	3.2025	true	true	Tazemetostat has been withdrawn for treatment of follicular lymphoma with EZH2 A682G	EZH2 A682G (occasionally reported as A677G in the literature) is a somatic mutation located in the SET domain of EZH2 and is associated with oncogenic activity in follicular lymphoma. In a preclinical study, the EZH2 A682G–mutant Pfeiffer lymphoma cell line demonstrated strong sensitivity to the EZH2 inhibitor EPZ-6438 (tazemetostat), with dose-dependent tumor growth inhibition, inhibition of H3K27Me3, and complete tumor regressions observed in xenograft mouse models following oral administration. Sustained tumor regression after treatment cessation further supports sensitivity of this variant to EZH2 inhibition (civic.EID:12877). Consistent with this preclinical evidence, clinical trials in relapsed or refractory follicular lymphoma demonstrated higher overall response rates in patients with activating EZH2 mutations compared to EZH2 wild-type patients, supporting clinical activity of tazemetostat in EZH2-mutant disease (civic.EID:9709, civic.EID:11109, civic.EID:11110, civic.EID:11220). After accelerated FDA approval in 2020, Tazemetostat (Tazverik) was voluntarily withdrawn from all markets and indications on March 9, 2026, after an independent data monitoring committee identified cases of secondary hematologic malignancies in the SYMPHONY-1 trial. In addition, the FDA issued a Drug Alert detailing the increased rate of hematologic secondary primary malignancies (SPMs) associated to the drug. It was reported that 18 out of 318 (5.7%) of patients treated with Tazemetostat developed hematologic SPMs, with no SPM events in the control arm. Most of the SPMs were myelodysplastic syndrome or acute myeloid leukemia.	231	11109,9709,12877,11220,11110	2026-05-28 18:54:57 UTC	https://civicdb.org/links/assertions/231	https://civicdb.org/links/evidence_items/11109,https://civicdb.org/links/evidence_items/9709,https://civicdb.org/links/evidence_items/12877,https://civicdb.org/links/evidence_items/11220,https://civicdb.org/links/evidence_items/11110	https://civicdb.org/links/molecular_profiles/4343	true
EZH2 A692V	4342	Follicular Lymphoma	0050873			Oncogenic	Supports	Likely Oncogenic			OS2,OM1,OP3,OP4					EZH2 A692V is likely oncogenic in follicular lymphoma.	EZH2 A692V (occasionally reported as A687V in the literature) is a recurrent somatic variant located within the catalytic SET domain of EZH2. Functional studies demonstrated that EZH2 A692V has gain-of-function effects and that cells harboring this variant are dependent on EZH2 activity for survival (civic.EID:12897, OS2). Cohort sequencing studies identified A692V as a recurrent EZH2 hotspot variant in follicular lymphoma, and comparison of variant allele frequencies with those of other recurrently mutated genes demonstrated that most EZH2-mutated cases represented clonal events (civic.EID:11111, civic.EID:12885). In addition, RNA sequencing (RNA-seq) analysis demonstrated preferential expression of mutant EZH2 alleles in tumors harboring EZH2 mutations, including A692V, and provided evidence of positive selection for nonsynonymous EZH2 mutations across lymphoma cases (civic.EID:12896). The A692V variant occurs in the catalytic SET domain (OM1) and is absent from population databases (gnomAD v4.1.0, OP4). Together, these criteria indicate that EZH2 A692V is likely oncogenic, with a score of 8.	232	12896,11111,12885,12897	2026-07-03 19:43:25 UTC	https://civicdb.org/links/assertions/232	https://civicdb.org/links/evidence_items/12896,https://civicdb.org/links/evidence_items/11111,https://civicdb.org/links/evidence_items/12885,https://civicdb.org/links/evidence_items/12897	https://civicdb.org/links/molecular_profiles/4342	false
HRAS G13R	1301	Cancer	162			Oncogenic	Supports	Oncogenic			OS2,OS3,OP1,OP4					HRAS G13R (NM_005343.4:c.37G>C) is oncogenic	HRAS G13R causes increased proliferation (civic.EID:12906, OS2), increased pERK/ERK ratio and increased GTP-bound HRAS (civic.EID:12905, OS2). This variant count in cancerhotspots.org (V2) is 22 with 50 samples with a somatic variant at the same amino acid position (OS3). The variant is absent in gnomAD database (v4.1.0, OP4). Both OS2 and OS3 criteria are satisfied at full strength (OP1). Together these criteria indicate that G13R is oncogenic, with a score of 10. Variant classification is done using ClinGen MAPK/ERK pathway sc-VCEP guidelines.	233	12905,12906	2026-04-07 14:54:19 UTC	https://civicdb.org/links/assertions/233	https://civicdb.org/links/evidence_items/12905,https://civicdb.org/links/evidence_items/12906	https://civicdb.org/links/molecular_profiles/1301	false
IDH1 R132L	854	Acute Myeloid Leukemia	9119		Ivosidenib	Predictive	Supports	Sensitivity/Response		Tier I - Level A		Acute Myeloid Leukemia	3.2026	true	true	IDH1 R132L is a susceptible IDH1 mutation that confers sensitivity to ivosidenib in patients with acute myeloid leukemia (AML), and is detected by the FDA-approved Abbott RealTime IDH1 companion diagnostic assay.	IDH1 R132L is a somatic missense mutation at the conserved R132 residue of IDH1, conferring neomorphic gain-of-function activity that drives accumulation of the oncometabolite D-2-hydroxyglutarate (2-HG), leading to epigenetic dysregulation and blocked myeloid differentiation. IDH1 R132L is one of five susceptible IDH1 R132 variants (R132C, R132G, R132H, R132L, R132S) detected by the FDA-approved Abbott RealTime IDH1 companion diagnostic and specifically named in the ivosidenib prescribing information. Clinical evidence supporting sensitivity to ivosidenib includes phase 1 study in R/R AML (CR+CRh rate 30.4%; PMID:29860938) and the phase 3 AGILE trial in newly diagnosed AML, in which ivosidenib plus azacitidine significantly improved OS versus placebo plus azacitidine (median 24.0 vs 7.9 months; HR 0.44; PMID:35443108), with long-term follow-up confirming a median OS of 29.3 months (PMID:40706052). Based on FDA approval of ivosidenib for IDH1-mutated AML (monotherapy 2018; combination with azacitidine 2022) and NCCN Category 1 recommendation for the newly diagnosed setting, IDH1 R132L confers Tier I – Level A classification under AMP/ASCO/CAP 2017 guidelines.	234	12899,12903,12901	2026-04-03 16:08:11 UTC	https://civicdb.org/links/assertions/234	https://civicdb.org/links/evidence_items/12899,https://civicdb.org/links/evidence_items/12903,https://civicdb.org/links/evidence_items/12901	https://civicdb.org/links/molecular_profiles/854	false
IDH1 R132L	854	Acute Myeloid Leukemia	9119			Oncogenic	Supports	Oncogenic			OS2,OS3,OP1,OP4	Acute Myeloid Leukemia	3.2026			IDH1 R132L is oncogenic variant in acute myeloid leukemia.	IDH1 R132L (c.395G>T, p.Arg132Leu) is a recurrent somatic missense variant affecting the conserved arginine at codon 132 within the IDH1 active site, identified in diffuse gliomas (0.5–4.4% of IDH1-mutant cases) and AML (~23.7% of IDH1 R132 mutations). Like all R132 substitutions, R132L abrogates normal isocitrate-to-α-ketoglutarate catalysis and confers a neomorphic gain-of-function, enabling NADPH-dependent reduction of α-ketoglutarate to the oncometabolite D-2-hydroxyglutarate (D-2HG). Elevated D-2HG competitively inhibits α-KG-dependent dioxygenases, driving a hypermethylation phenotype that impairs cellular differentiation and promotes tumorigenesis. IDH1 R132L meets criteria for Oncogenic classification is based on: OS2 (hotspot residue with recurrent somatic mutation across tumor types and robust functional evidence), OS3 (159 cases on COSMIC v103; 38 in haematopoietic / lymphoid tumours), OP1 (predicted to be a driver mutation by multiple computational predictors ), and OP4 (absent from population databases (gnomAD database v4.1.0). Together these criteria indicate that IDH1 R132L oncogenic with a score of 10.	235	12902,12900,12898	2026-04-03 16:11:49 UTC	https://civicdb.org/links/assertions/235	https://civicdb.org/links/evidence_items/12902,https://civicdb.org/links/evidence_items/12900,https://civicdb.org/links/evidence_items/12898	https://civicdb.org/links/molecular_profiles/854	false
MET Splice Site (c.2999_3028+4del)	4295	Lung Non-small Cell Carcinoma	3908			Oncogenic	Supports	Uncertain Significance			OM2,OP1,OP4,OM1_Supporting					MET c.2999_3028+4del has uncertain significance in non-small cell lung cancer	MET c.2999_3028+4del is predicted to cause MET exon 14 skipping, however literature reports were not found for this specific variant. It is located in the juxtamembrane domain of MET protein (Y1003 amino acid affected causing loss of ubiquination of HGFR) (civic.EID:11221), although it is not contained in Pfam and UniProt domains [partial OM1]. The deletion causes an alteration in protein length [OM2]. The variant was not found in gnomAD database [OP4]. It is predicted with SpliceAI to be oncogenic with a donor loss delta score of 0.94 (internal cutoff >0.70) [OP1]. These evidence codes added up to a score of 5, resulting in a classification of variant of unknown significance.	236	11221	2026-05-11 17:54:55 UTC	https://civicdb.org/links/assertions/236	https://civicdb.org/links/evidence_items/11221	https://civicdb.org/links/molecular_profiles/4295	false
KIT D816V	65	Systemic Mastocytosis	349			Oncogenic	Supports	Oncogenic			OS2,OS3,OM1,OP1,OP4					KIT D816V is likely oncogenic in systemic mastocytosis.	KIT D816V is a somatic variant observed in systemic mastocytosis and related hematologic malignancies. Functional studies demonstrate that this variant induces ligand-independent activation of KIT, leading to constitutive autophosphorylation, cytokine-independent proliferation, and persistent activation of downstream signaling pathways including JAK/STAT, PI3K, MAPK/ERK, and JNK, consistent with a gain-of-function oncogenic effect (civic.EID:12411, civic.EID:12916, civic.EID:12913, civic.EID:12914, OS2). Structural and computational analyses further show that D816V destabilizes the inactive conformation of the kinase domain, promoting a shift toward the active state and enhancing kinase activity, providing a mechanistic basis for constitutive signaling and transformation (civic.EID:12917, civic.EID:12915, OS2). The D816V variant is located within the protein tyrosine kinase catalytic domain (OM1), is predicted to be a driver mutation CHASMplus score 0.696-0.711 >VECS gene-specific cutoff of 0.38, OP1), and is extremely rare in population databases (gnomAD v4.1.0 allele frequency 0.000001860, OP4). KIT D816V is a recurrent hotspot variant in systemic mastocytosis, with one large clinical series identifying D816V in 417 of 456 (91%) consecutively diagnosed systemic mastocytosis patients (PMID: 26067933), and its recurrent detection has been independently demonstrated in additional prospective patient cohorts (PMID: 41399928) (OS3). Together, these criteria indicate that KIT D816V is oncogenic, with a score of 12.	237	12916,12411,12914,12913,12915,12917	2026-08-14 05:02:50 UTC	https://civicdb.org/links/assertions/237	https://civicdb.org/links/evidence_items/12916,https://civicdb.org/links/evidence_items/12411,https://civicdb.org/links/evidence_items/12914,https://civicdb.org/links/evidence_items/12913,https://civicdb.org/links/evidence_items/12915,https://civicdb.org/links/evidence_items/12917	https://civicdb.org/links/molecular_profiles/65	false
BRAF K601E	580	Cancer	162			Oncogenic	Supports	Likely Oncogenic			OS2,OP4,OM3					BRAF p.Lys601Glu (NM_004333.6:c.1801A>G) is likely oncogenic	BRAF K601E causes increased pERK/ERK ratio (civic.EID:12920, OS2) and increased phosphorylation of substrate of BRAF (civic.EID:12921, OS2). K601E is class 2 BRAF variant. This variant count in cancerhotspots.org (V2) is 32 with 38 samples with a somatic variant at the same amino acid position (OM3). The variant is absent in gnomAD database (v4.1.0, OP4). Together these criteria indicate that K601E is likely oncogenic, with a score of 7. Variant classification is done using ClinGen MAPK/ERK pathway sc-VCEP guidelines.	238	12920,12921	2026-04-10 20:21:20 UTC	https://civicdb.org/links/assertions/238	https://civicdb.org/links/evidence_items/12920,https://civicdb.org/links/evidence_items/12921	https://civicdb.org/links/molecular_profiles/580	false
EGFR T790M	34	Lung Non-small Cell Carcinoma	3908			Oncogenic	Supports	Likely Oncogenic			OS2,OS3,OP1					EGFR T790M is likely oncogenic in lung non-small cell carcinoma.	EGFR T790M is a recurrent variant in non-small cell lung cancer (NSCLC) with evidence of functional and oncogenic effects. Functional studies show increased EGFR kinase activity, including enhanced autophosphorylation and downstream signaling such as MAPK activation, consistent with a gain-of-function effect (OS2; civic.EID:12922, civic.EID:12923). In cellular models, T790M alone produces modest proliferative and transforming activity, but contributes to increased growth and ligand-independent signaling in epithelial systems (OS2; civic.EID:12922, civic.EID:12924). When combined with activating EGFR mutations (e.g., L858R or exon 19 deletions), T790M strongly enhances kinase activation, constitutive signaling, and oncogenic transformation, including anchorage-independent growth and tumor formation (OS2; civic.EID:12923, civic.EID:12924). In vivo mouse models further demonstrate that T790M can drive lung adenocarcinoma formation and that resulting tumors remain dependent on EGFR signaling and are resistant to EGFR inhibitors such as erlotinib (OS2; civic.EID:12925). The T790M variant is located in a well-established cancer hotspot region (OS3), is predicted to be a driver mutation (CHASMplus score 0.571-0.733 >VECS gene-specific cutoff of 0.64, OP1). Together, these criteria indicate that EGFR T790M is likely oncogenic with a score of 9.	239	12923,12925,12922,12924	2026-08-14 05:09:38 UTC	https://civicdb.org/links/assertions/239	https://civicdb.org/links/evidence_items/12923,https://civicdb.org/links/evidence_items/12925,https://civicdb.org/links/evidence_items/12922,https://civicdb.org/links/evidence_items/12924	https://civicdb.org/links/molecular_profiles/34	false
MET Splice Site (c.2999_3028+4del)	4295	Lung Non-small Cell Carcinoma	3908		Capmatinib	Predictive	Supports	Sensitivity/Response		Tier I - Level A		Non-Small Cell Lung Cancer	5.2026	true	true	MET c.2999_3028+4del is approved for capmatinib use in non-small cell lung cancer	MET c.2999_3028+4del is a somatic variant in NSCLC predicted to cause exon 14 skipping mutation. In preclinical studies, H596 cells harboring mutant c-MET due to exon 14 deletion were shown to be sensitive to capmatinib (INCB28060) inhibiting phospho-c-MET in in-vitro ELISA studies (civic.EID:12866). Patients resistant to crizotinib with MET alterations (including MET exon 14 skipping and MET amp) showed a disease control rate of 80% on capmatinib, with several of them with stable disease lasting 6+ months (civic.EID:11458). Capmatinib is approved for use in non-small cell lung cancer with MET exon 14 skipping based on results of the GEOMETRY mono-1 trial (civic.EID:8847). Literature reports for MET c.2999_3028+4del were not found, although it is predicted to cause MET exon 14 skipping according to FDA documentation.	240	8847,11458	2026-05-03 19:00:29 UTC	https://civicdb.org/links/assertions/240	https://civicdb.org/links/evidence_items/8847,https://civicdb.org/links/evidence_items/11458	https://civicdb.org/links/molecular_profiles/4295	false
BRAF V600E	12	Anaplastic Thyroid Carcinoma	0080522		Dabrafenib,Trametinib	Predictive	Supports	Sensitivity/Response		Tier I - Level A		Thyroid Carcinoma	1.2026	true	true	BRAF V600E mutant anaplastic thyroid carcinoma is sensitive to dabrafenib and trametinib combination therapy.	Combination therapy with dabrafenib (a BRAF inhibitor) and trametinib (a MEK inhibitor) demonstrates consistent clinical activity in BRAF V600E-mutated anaplastic thyroid carcinoma (ATC), supporting the association between this variant and response to MAPK pathway inhibition. Clinical evidence from the phase II ROAR basket study demonstrated meaningful objective responses and durable survival outcomes in BRAF V600E-mutant patients treated with this combination (civic.EID:10785). These findings are supported by a systematic review and meta-analysis reporting high pooled response rates and improved survival outcomes across multiple studies of BRAF V600E-mutated ATC treated with dabrafenib plus trametinib (civic.EID:12960). Real-world retrospective data further demonstrated improved response rates and survival compared with non-targeted therapies in BRAF V600E-mutant patients receiving this regimen (civic.EID:12957). Additional multi-institutional retrospective evidence confirmed high objective response rates and improved survival associated with targeted therapy in BRAF V600E-mutant ATC (civic.EID:12959). A single-patient case report also described a durable complete response to dabrafenib plus trametinib in metastatic BRAF V600E-mutated ATC, further supporting the therapeutic sensitivity of this variant (civic.EID:12958). Collectively, these evidence items consistently support the predictive role of BRAF V600E for response to dabrafenib and trametinib in ATC.	241	12956,12958,10785,12960,12957,12959	2026-07-03 18:51:40 UTC	https://civicdb.org/links/assertions/241	https://civicdb.org/links/evidence_items/12956,https://civicdb.org/links/evidence_items/12958,https://civicdb.org/links/evidence_items/10785,https://civicdb.org/links/evidence_items/12960,https://civicdb.org/links/evidence_items/12957,https://civicdb.org/links/evidence_items/12959	https://civicdb.org/links/molecular_profiles/12	false
EWSR1::v Fusion	5919	Myoepithelial Tumors Of Soft Tissue		Adult onset,Pediatric onset		Diagnostic	Supports	Positive		Tier I - Level A						EWSR1 rearrangement is a diagnostic criterium for myoepithelial tumors of soft tissue.	Myoepithelial tumors outside of the salivary glands are biologically different from those arising in the salivary glands. They can involve a wide variety of deep and superficial soft tissue locations, bone and also the skin. EWSR1 rearrangement has been identified in ~45% of cases. More than half of EWSR1 positive myoepithelial tumors occurred in children and young adults in one study civic.eid:12926. Several gene partners have been described including POU5F1, PBX1, ZNF444, KLF15, ATF1, KLF17 which contributes to the biologic and histologic heterogeneity observed across cases civic.eid:12926, civic.eid:12927, civic.eid:12929, civic.eid:12930, civic.eid:12931. Professional guidelines (WHO) list detection of EWSR1 rearrangements as a diagnostic criterium for myoepithelial tumors of soft tissue (WHO classification of tumours series, 5th ed.; vol. 11).	242	12929,12927,12926,12931,12930	2026-07-14 18:40:45 UTC	https://civicdb.org/links/assertions/242	https://civicdb.org/links/evidence_items/12929,https://civicdb.org/links/evidence_items/12927,https://civicdb.org/links/evidence_items/12926,https://civicdb.org/links/evidence_items/12931,https://civicdb.org/links/evidence_items/12930	https://civicdb.org/links/molecular_profiles/5919	true
EWSR1::v Fusion	5919	Myoepithelial Tumors Of Soft Tissue				Diagnostic	Supports	Positive		Tier I - Level A						EWSR1 fusions with various partner genes, including POU5F1, PBX1, ZNF444, KLF15, ATF1, and KLF17, represent a diagnostic criterion for myoepithelial tumors of soft tissue.	Myoepithelial tumors arising outside the salivary glands are biologically distinct from their salivary gland counterparts. They can occur in a wide range of deep and superficial soft tissue sites, as well as in bone and the skin (civic.EID:12926). EWSR1 rearrangements are identified in approximately 45% of cases and are particularly enriched in pediatric and young adult patients (civic.EID:12926). Multiple fusion partners have been reported, including POU5F1, PBX1, ZNF444, KLF15, ATF1, and KLF17, contributing to the notable histologic and biologic heterogeneity observed across cases (civic.EID:12927). Histologic patterns are variable, encompassing epithelioid, spindle, clear cell, and small round cell morphologies, and tumors may show benign or malignant behavior (civic.EID:12929). Rare fusions, such as EWSR1::KLF15 and EWSR1::ZNF444, highlight the importance of integrating molecular testing with morphology and immunohistochemistry to accurately classify these tumors and inform prognosis (civic.EID:12930). Professional guidelines list the presence of EWSR1 rearrangements as a diagnostic criterion for myoepithelial tumors of soft tissue (civic.EID:12931).	243	12929,12927,12926,12931,12930	2026-07-14 18:53:20 UTC	https://civicdb.org/links/assertions/243	https://civicdb.org/links/evidence_items/12929,https://civicdb.org/links/evidence_items/12927,https://civicdb.org/links/evidence_items/12926,https://civicdb.org/links/evidence_items/12931,https://civicdb.org/links/evidence_items/12930	https://civicdb.org/links/molecular_profiles/5919	true
KRAS G12A	148	Cancer	162			Oncogenic	Supports	Oncogenic			OS2,OS3,OP1,OP4					KRAS p.Gly12Ala (NM_004985.5:c.35G>C) is oncogenic.	KRAS G12A causes increased pERK/ERK ratio (civic.EID:12974, OS2), and decreased GTPase activity, and based on BRAF-RBD co-IP assay increased BRAF binding affinity (civic.EID:12973, OS2). This variant count in cancerhotspots.org (V2) is 134 (≥ 50) (OS3). The variant is absent in gnomAD database (v4.1.0, OP4). Both OS2 and OS3 criteria are satisfied at full strength (OP1). Together these criteria indicate that G12A is oncogenic, with a score of 10. Variant classification is done using ClinGen MAPK/ERK pathway sc-VCEP guidelines.	244	12974,12973	2026-06-10 14:50:03 UTC	https://civicdb.org/links/assertions/244	https://civicdb.org/links/evidence_items/12974,https://civicdb.org/links/evidence_items/12973	https://civicdb.org/links/molecular_profiles/148	false
KRAS Q61K	884	Cancer	162			Oncogenic	Supports	Oncogenic			OS2,OS3,OP1,OP4					KRAS p.Gln61Lys (NM_004985.5:c.181C>A) is oncogenic.	KRAS Q61K causes increased proliferation (civic.EID:12976, OS2), and decreased GTPase activity, and based on BRAF-RBD co-IP assay increased BRAF binding affinity (civic.EID:12975, OS2). This variant count in cancerhotspots.org (V2) is 20 (≥ 10) and count at AA position is 190 (> 50) (OS3). The variant is absent in gnomAD database (v4.1.0 non-UKB) (OP4). Both OS2 and OS3 criteria are satisfied at full strength (OP1). Together these criteria indicate that Q61K is oncogenic, with a score of 10. Variant classification is done using ClinGen MAPK/ERK pathway sc-VCEP guidelines.	245	12975,12976	2026-06-10 14:48:58 UTC	https://civicdb.org/links/assertions/245	https://civicdb.org/links/evidence_items/12975,https://civicdb.org/links/evidence_items/12976	https://civicdb.org/links/molecular_profiles/884	false
NRAS Q61R	96	Cancer	162			Oncogenic	Supports	Oncogenic			OS2,OS3,OP1,OP4					NRAS p.Gln61Arg (NM_002524.5:c.182A>G) is oncogenic.	NRAS Q61R causes reduced intrinsic GTPase activity, impaired nucleotide exchange (civic.EID:12978, OS2), increased pERK/ERK ratio, and increased BRAF binding affinity (civic.EID:12979, OS2). This variant count in cancerhotspots.org (V2) is 204 (≥ 10) and count at AA position is 422 (> 50) (OS3). The variant is absent in gnomAD database (v4.1.0) (OP4). Both OS2 and OS3 criteria are satisfied at full strength (OP1). Together these criteria indicate that Q61R is oncogenic, with a score of 10. Variant classification is done using ClinGen MAPK/ERK pathway sc-VCEP guidelines.	246	12979,12978	2026-06-10 18:29:17 UTC	https://civicdb.org/links/assertions/246	https://civicdb.org/links/evidence_items/12979,https://civicdb.org/links/evidence_items/12978	https://civicdb.org/links/molecular_profiles/96	false
BRAF V600K	559	Cancer	162			Oncogenic	Supports	Oncogenic			OS2,OS3,OP1,OP4					BRAF p.Val600Lys (NM_004333.6:c.1798_1799delinsAA) is oncogenic.	BRAF V600K (class 1 BRAF variant) causes increased MEK phosphorylation, and increased ratio of pERK/ERK (civic.EID:12980, OS2). This variant count in cancerhotspots.org (V2) is 24 (≥ 10) and count at AA position is 897 (> 50) (OS3). The variant is absent in gnomAD database (v4.1.0 non-UKB) (OP4). Both OS2 and OS3 criteria are satisfied at full strength (OP1). Together these criteria indicate that V600K is oncogenic, with a score of 10. Variant classification is done using ClinGen MAPK/ERK pathway sc-VCEP guidelines.	247	12980	2026-06-10 18:41:56 UTC	https://civicdb.org/links/assertions/247	https://civicdb.org/links/evidence_items/12980	https://civicdb.org/links/molecular_profiles/559	false
BRAF G469A	966	Cancer	162			Oncogenic	Supports	Oncogenic			OS2,OS3,OP1,OP4					BRAF p.Gly469Ala (NM_004333.6:c.1406G>C) is oncogenic.	BRAF G469A (class 2 BRAF variant) causes increased MEK phosphorylation, and increased ratio of pERK/ERK (civic.EID:12981, 12982, OS2). This variant count in cancerhotspots.org (V2) is 34 (≥ 10) and count at AA position is 61 (> 50) (OS3). Rare in controls, two entry in gnomAD (v4.1.0 non-UKB), zero in v3.1.2 non-cancer (OP4). Both OS2 and OS3 criteria are satisfied at full strength (OP1). Together these criteria indicate that G469A is oncogenic, with a score of 10. Variant classification is done using ClinGen MAPK/ERK pathway sc-VCEP guidelines.	248	12981,12982	2026-06-10 19:17:58 UTC	https://civicdb.org/links/assertions/248	https://civicdb.org/links/evidence_items/12981,https://civicdb.org/links/evidence_items/12982	https://civicdb.org/links/molecular_profiles/966	false
BRAF G469E	967	Cancer	162			Oncogenic	Supports	Likely Oncogenic			OS2,OP3,OP4					BRAF p.Gly469Glu (NM_004333.6:c.1406G>A) is likely oncogenic.	BRAF G469E (class 3 BRAF variant) causes increased MEK phosphorylation, increased signaling through RAF1 (CRAF), it has low kinase activity (civic.EID:12983 OS2), and increased ratio of pERK/ERK (civic.EID:12984 OS2). The variant is absent in gnomAD database (v4.1.0 non-UKB) (OP4). This variant count in cancerhotspots.org (V2) is 4 (< 10 ) (OP3). Together these criteria indicate that G469E is likely oncogenic, with a score of 6. Variant classification is done using ClinGen MAPK/ERK pathway sc-VCEP guidelines.	249	12983,12984	2026-06-10 19:35:42 UTC	https://civicdb.org/links/assertions/249	https://civicdb.org/links/evidence_items/12983,https://civicdb.org/links/evidence_items/12984	https://civicdb.org/links/molecular_profiles/967	false
BRAF D594N	1081	Cancer	162			Oncogenic	Supports	Oncogenic			OS2,OS3,OP1,OP4					BRAF p.Asp594Asn (NM_004333.6:c.1780G>A) is oncogenic.	BRAF D594N (class 3 BRAF variant) causes increased MEK phosphorylation, increased ratio of pERK/ERK, increased signaling through RAF1 (CRAF), it has loss of kinase activity (civic.EID:12985 OS2). The variant is absent in gnomAD database (v4.1.0 non-UKB) (OP4). This variant count in cancerhotspots.org (V2) is 24 (≥ 10) and count at AA position is 51 (> 50) (OS3). Both OS2 and OS3 criteria are satisfied at full strength (OP1). Together these criteria indicate that D594N is oncogenic, with a score of 10. Variant classification is done using ClinGen MAPK/ERK pathway sc-VCEP guidelines.	250	12985	2026-06-10 19:47:07 UTC	https://civicdb.org/links/assertions/250	https://civicdb.org/links/evidence_items/12985	https://civicdb.org/links/molecular_profiles/1081	false
MAP2K1 P124S	82	Cancer	162			Oncogenic	Supports	Likely Oncogenic			OS2,OP4,OM3					MAP2K1 p.P124S (NM_002755.3:c.370C>T) is likely oncogenic.	MAP2K1 P124S causes increased colony formation and increased pERK/ERK ratio (civic.eid:12986, OS2). In cancerhotspots.org there are more than 10 (15) samples with the same amino acid change and less than 50 (25) samples with a somatic variant at the same amino acid position (OM3). The variant is absent in gnomAD database (v4.1.0) (OP4). Together these criteria indicate that P124S is likely oncogenic, with a score of 7. Variant classification was done using ClinGen Somatic MAPK/ERK pathway SC-VCEP guidelines.	251	12986	2026-06-10 20:26:48 UTC	https://civicdb.org/links/assertions/251	https://civicdb.org/links/evidence_items/12986	https://civicdb.org/links/molecular_profiles/82	false
ARAF S214F	4338	Cancer	162			Oncogenic	Supports	Likely Oncogenic			OS2,OP3,OP4					The variant p.Ser214Phe (NM_001654.5:c.641C>T ; CA16602805 ) in the ARAF gene was classified as Likely Oncogenic in malignant neoplasms by the ClinGen MAPK/ERK Pathway SC-VCEP	The variant p.Ser214Phe (NM_001654.5:c.641C>T ; CA16602805 ) in the ARAF gene was classified as Likely Oncogenic in malignant neoplasms by the ClinGen MAPK/ERK Pathway SC-VCEP, using SC-VCEP Specifications created in 2026. This variant satisfies the following criteria: OS2, functional evidence PMID: 24569458, increased colony formation, increased pMEK/MEK ratio; OP3, p.S214F change count in cancerhotspots.org is < 10 (4) OP4, absent in controls, no entry in gnomAD. This results in 1 Strong, AND 2 supporting evidence codes and a total of 6 points. Additional notes on this curation record are as follows: None.	252	12972	2026-06-11 12:15:10 UTC	https://civicdb.org/links/assertions/252	https://civicdb.org/links/evidence_items/12972	https://civicdb.org/links/molecular_profiles/4338	false
RAF1 S257L	5958	Cancer	162			Oncogenic	Supports	Likely Oncogenic			OS2,OM1,OP4					The variant p.Ser257Leu (NM_002880.4:c.770C>T ; CA235334 ) in the RAF1 (CRAF) gene was classified as Likely Oncogenic in malignant neoplasms by the ClinGen MAPK/ERK Pathway SC-VCEP.	The variant p.Ser257Leu (NM_002880.4:c.770C>T ; CA235334 ) in the RAF1 (CRAF) gene was classified as Likely Oncogenic in malignant neoplasms by the ClinGen MAPK/ERK Pathway SC-VCEP, using SC-VCEP Specifications created in 2026. This variant satisfies the following criteria: OS2, functional evidence PMID: 24569458, increased colony formation, increased pMEK/MEK ratio; PMID: 38127827, increased pERK/ERK ratio; OM1, variant in exon 7 (AA 227-278); OP4, absent in controls, no entry in gnomAD. This results in 1 Strong, 1 moderate AND 1 supporting evidence codes and a total of 7 points. Additional notes on this curation record are as follows: The count in cancerhotspots.org is 24 (25 samples with a somatic variant at the same amino acid position); relevant tumor type(s): neoplasms.	253	12991	2026-06-11 19:12:06 UTC	https://civicdb.org/links/assertions/253	https://civicdb.org/links/evidence_items/12991	https://civicdb.org/links/molecular_profiles/5958	false
BRAF I326V	5910	Cancer	162			Oncogenic	Supports	Benign			SBVS1					BRAF I326V (NM_004333.6:c.976A>G) is benign	Based on gnomAD v4.1.0 (non-UKB) this variant East Asian allele frequency 0.0032 is ≥ 0.0005 (SBVS1). (Total Grpmax filtering allele frequency in gnomAD v4.1.0 is 0.002636. ) This criteria indicate that I326V is benign, with a score of -8. Variant classification is done using ClinGen MAPK/ERK pathway sc-VCEP guidelines.	254		2026-06-11 12:21:53 UTC	https://civicdb.org/links/assertions/254		https://civicdb.org/links/molecular_profiles/5910	false
BRAF Asn486_Pro490del	5960	Cancer	162			Oncogenic	Supports	Likely Oncogenic			OS2,OM2,OP3,OP4					BRAF p.Asn486_Pro490del (NM_004333.6:c.1457_1471del15) is likely oncogenic.	BRAF p.Asn486_Pro490del (NM_004333.6:c.1457_1471del15) (class 2 BRAF variant) causes increased colony formation (triplicates) (civic.EID:12993, OS2) and increased ratio of pERK/ERK (civic.EID:12994, OS2), protein length change due to in-frame deletion in known oncogene (OM2). This variant count in cancerhotspots.org (V2) is 3 (< 10) (OP3). The variant is absent in gnomAD database (v4.1.0, OP4). Together these criteria indicate that Asn486_Pro490del is likely oncogenic, with a score of 8. Variant classification is done using ClinGen MAPK/ERK pathway sc-VCEP guidelines.	255	12993,12994	2026-06-11 13:17:36 UTC	https://civicdb.org/links/assertions/255	https://civicdb.org/links/evidence_items/12993,https://civicdb.org/links/evidence_items/12994	https://civicdb.org/links/molecular_profiles/5960	false
MAPK1 E322K	316	Cancer	162			Oncogenic	Supports	Likely Oncogenic			OS2,OP4,OM3					MAPK1 (ERK2) p.Glu322Lys (NM_002745.5:c.964G>A) is likely oncogenic.	MAPK1 (ERK2) E322K rescues the anti-proliferative effects of trametinib (MEK inhibitor) in A375 cells (6 replicates) (civic.EID:12995, OS2). This variant count in cancerhotspots.org (V2) is 24 (≥ 10) and count at AA position is 26 (< 50) (OM3). The variant is absent in gnomAD database (v4.1.0, OP4). Together these criteria indicate that E322K is likely oncogenic, with a score of 7. Variant classification is done using ClinGen MAPK/ERK pathway sc-VCEP guidelines.	256	12995	2026-06-11 13:30:52 UTC	https://civicdb.org/links/assertions/256	https://civicdb.org/links/evidence_items/12995	https://civicdb.org/links/molecular_profiles/316	false
PTPN11 Glu76Lys	5961	Cancer	162			Oncogenic	Supports	Oncogenic			OS2,OS3,OP1,OP4					PTPN11 (SHP2) p.Glu76Lys (NM_002834.5:c.226G>A) is oncogenic.	PTPN11 (SHP2) E76K transforms primary murine myeloid cells (civic.EID:12996, OS2), causes both basal and GM-CSF-stimulated hyperproliferation (civic.EID:12997, OS2), causes increased phosphatase activity (civic.EID:12998, OS2). PTPN11 E76K has 43 occurrences in cbioportal.org patient tumor samples, with 76 changes at AA 76 (OS3). (There are 7 occurrences of PTPN11 E76K in cancerhotspots.org . Due to limited coverage of hemopoietic malignancies by cancerhotspots.org and known significant prevalence of this variant in such malignancies, cbioportal.org data was used). Both OS2 and OS3 criteria are satisfied at full strength (OP1). Together these criteria indicate that E76K is oncogenic, with a score of 10. Variant classification is done using ClinGen MAPK/ERK pathway sc-VCEP guidelines.	257	12998,12996,12997	2026-06-11 14:00:56 UTC	https://civicdb.org/links/assertions/257	https://civicdb.org/links/evidence_items/12998,https://civicdb.org/links/evidence_items/12996,https://civicdb.org/links/evidence_items/12997	https://civicdb.org/links/molecular_profiles/5961	false
KRAS R164Q (exon 5b)	1181	Cancer	162			Oncogenic	Supports	Uncertain Significance			N/A					KRAS p.Arg164Gln (NM_004985.5:c.491G>A) is VUS.	KRAS R164Q is VUS with a score of 0. Variant classification is done using ClinGen MAPK/ERK pathway sc-VCEP guidelines. Note: Foci formation in NIH3T3 cells performs similarly to WT KRAS (duplicates, transfection triplicates), however mRNA expression profiling might be indicative of slight increase in MAPK activity (PMID: 20147967).	258		2026-06-11 14:10:08 UTC	https://civicdb.org/links/assertions/258		https://civicdb.org/links/molecular_profiles/1181	false
KRAS S65I	5942	Cancer	162			Oncogenic	Supports	Uncertain Significance			OP4					KRAS p.Ser65Ile (NM_004985.5:c.194G>T) is VUS.	KRAS S65I is absent from gnomAD (v4.1.0) and is VUS with a score of 1. Note: Classified as likely pathogenic germline variant by ClinGen RASopathy VCEP. PMID: 6822237 one child with RASopathy and de novo p.Ser65Ile. In TCGA there is no tumors with p.Ser65Ile. Variant classification is done using ClinGen MAPK/ERK pathway sc-VCEP guidelines.	259		2026-06-11 14:14:05 UTC	https://civicdb.org/links/assertions/259		https://civicdb.org/links/molecular_profiles/5942	false
HRAS N86T	5943	Cancer	162			Oncogenic	Supports	Benign			SBVS1					HRAS p.Asn86Thr (NM_005343.4:c.257A>C) is benign.	HRAS N86T gnomAD African/African American allele frequency 0.0007429 is ≥ 0.0005 based on gnomAD (v4.1.0 non-UKB), total Grpmax filtering allele frequency not listed in gnomAD (v4.1.0 non-UKB), (0.0005779 in gnomAD v4.1.0). This criteria indicate that N86T is benign, with a score of -8. Variant classification is done using ClinGen MAPK/ERK pathway sc-VCEP guidelines.	260		2026-06-11 14:18:25 UTC	https://civicdb.org/links/assertions/260		https://civicdb.org/links/molecular_profiles/5943	false
BRAF P403fs	5944	Cancer	162			Oncogenic	Supports	Uncertain Significance			OP4,SBP2					BRAF p.Pro403LeufsTer8 (NM_004333.6:c.1208del) is VUS.	BRAF P403fs absent in gnomAD (4.1.0 non-UKB) (OP4), and it is frameshift in oncogene (SBP2). These criteria indicate that P403fs is VUS, with a score of 0. Variant classification is done using ClinGen MAPK/ERK pathway sc-VCEP guidelines.	261		2026-06-11 14:23:30 UTC	https://civicdb.org/links/assertions/261		https://civicdb.org/links/molecular_profiles/5944	false
BRAF P14R	5945	Cancer	162			Oncogenic	Supports	Uncertain Significance			OP4,SBP1					BRAF p.Pro14Arg (NM_004333.6:c.41C>G) is VUS.	BRAF P14R has low count in gnomAD, 1 in gnomAD v3.1.2, 3 in gnomAD v4.1.0 (non-UKB) (OP4). Missense variant with computational variant effect meta predictor REVEL score ≤ 0.29 (0.093) (SBP1). These criteria indicate that P14R is VUS, with a score of 0. Variant classification is done using ClinGen MAPK/ERK pathway sc-VCEP guidelines.	262		2026-06-11 14:27:42 UTC	https://civicdb.org/links/assertions/262		https://civicdb.org/links/molecular_profiles/5945	false
BRAF A31G	5946	Cancer	162			Oncogenic	Supports	Uncertain Significance			N/A					BRAF p.Ala31Gly (NM_004333.6:c.92C>G) is VUS.	BRAF A31G is VUS with score of 0. Notes: REVEL score ≤ 0.29 (0.207), however since it is the only criterion met, it cannot be used to assign likely benign classification. ClinGen RASopathy Variant Curation Expert Panel classification Likely Benign.	263		2026-06-11 14:38:09 UTC	https://civicdb.org/links/assertions/263		https://civicdb.org/links/molecular_profiles/5946	false
BRAF D445H	5947	Cancer	162			Oncogenic	Supports	Uncertain Significance			OP4					BRAF p.Asp445His (NM_004333.6:c.1333G>C) is VUS.	BRAF D445H is absent from gnomAD (v4.1.0) (OP4). This criteria indicate that D445H is VUS, with a score of 1. Variant classification is done using ClinGen MAPK/ERK pathway sc-VCEP guidelines. Notes: Zero entries in COSMIC. Outside of kinase domain.	264		2026-06-11 14:42:31 UTC	https://civicdb.org/links/assertions/264		https://civicdb.org/links/molecular_profiles/5947	false
BRAF R384G	5948	Cancer	162			Oncogenic	Supports	Benign			SBVS1					BRAF p.Arg384Gly (NM_004333.6:c.1150A>G) is benign.	BRAF R384G gnomAD East Asian allele frequency 0.0008746 is ≥ 0.0005 based on gnomAD (v4.1.0 non-UKB), total Grpmax filtering allele frequency not listed in gnomAD (v4.1.0 non-UKB), (0.0007131 in gnomAD v4.1.0) (SBVS1). This criteria indicate that R384G is benign, with a score of -8. Variant classification is done using ClinGen MAPK/ERK pathway sc-VCEP guidelines.	265		2026-06-11 14:58:49 UTC	https://civicdb.org/links/assertions/265		https://civicdb.org/links/molecular_profiles/5948	false
RAF1 T303A	5949	Cancer	162			Oncogenic	Supports	Likely Benign			SBS1					RAF1 (CRAF) p.Thr303Ala (NM_002880.4:c.907A>G) is likely benign.	RAF1 (CRAF) T303A gnomAD Admixed American allele frequency 0.0003727 is ≥ 0.00025 based on gnomAD (v4.1.0 non-UKB), total Grpmax filtering allele frequency not listed in gnomAD (v4.1.0 non-UKB), (0.0002481 in gnomAD v4.1.0) (SBS1). This criteria indicate that T303A is likely benign, with a score of -4. Variant classification is done using ClinGen MAPK/ERK pathway sc-VCEP guidelines.	266		2026-06-11 14:50:23 UTC	https://civicdb.org/links/assertions/266		https://civicdb.org/links/molecular_profiles/5949	false
PTPN11 R351Q	5950	Cancer	162			Oncogenic	Supports	Benign			SBVS1					PTPN11 (SHP2) p.Arg351Gln (NM_002834.5:c.1052G>A) is benign.	PTPN11 (SHP2) R351Q gnomAD South Asian allele frequency 0.003712 is ≥ 0.0005 based on gnomAD (v4.1.0 non-UKB), total Grpmax filtering allele frequency not listed in gnomAD (v4.1.0 non-UKB), (0.00327 in gnomAD v4.1.0) (SBVS1). This criteria indicate that R351Q is benign, with a score of -8. Variant classification is done using ClinGen MAPK/ERK pathway sc-VCEP guidelines.	267		2026-06-11 14:54:32 UTC	https://civicdb.org/links/assertions/267		https://civicdb.org/links/molecular_profiles/5950	false
CNTRL::ABL1 Fusion	5970	B-lymphoblastic Leukemia/lymphoma, BCR-ABL1–like	0080650			Oncogenic	Supports	Oncogenic			N/A					CNTRL::ABL1 is an oncogenic fusion associated with B-lymphoblastic leukemia/lymphoma.	The CNTRL::ABL1 fusion has been reported in at least two patients with B-lymphoblastic leukemia/lymphoma (B-ALL). The published breakpoints resulted in in-frame fusion transcripts that retained the ABL1 SH2 domain, tyrosine kinase domain, and F-actin binding region. Consistent with other oncogenic ABL-class rearrangements, ABL1 serves as the 3′ fusion partner and contributes the intact kinase domain to the predicted fusion protein (FG1, FG2, FG3, civic.EID:13001). The fusion has been identified in independent leukemia cases and detected using next-generation sequencing-based approaches with orthogonal molecular confirmation (CA2, civic.EID:13001, civic.EID:13002). In addition, a patient with CNTRL::ABL1-positive BCR-ABL1-like B-ALL achieved a rapid and deep remission following dasatinib treatment, supporting clinical sensitivity to ABL-directed tyrosine kinase inhibition (CV, civic.EID:13001). Collectively, FG1+FG2+FG3+CA2+CV support an Oncogenic classification for CNTRL::ABL1 via the ClinGen BCR::ABL1-like SC-VCEP fusion oncogenicity rules.	268	13002,13001	2026-06-28 21:36:18 UTC	https://civicdb.org/links/assertions/268	https://civicdb.org/links/evidence_items/13002,https://civicdb.org/links/evidence_items/13001	https://civicdb.org/links/molecular_profiles/5970	false
AGGF1::PDGFRB Fusion	2450	B-cell Acute Lymphoblastic Leukemia	0080638			Oncogenic	Supports	Oncogenic			N/A					AGGF1::PDGFRB is oncogenic in B-ALL	The AGGF1::PDGFRB fusion has appeared in one case of B-ALL, and one case of T-ALL (civic.EID:13004). In the case of B-ALL, the fusion of AGGF1 exons 1-6 and PDGFRb exons 11-23 had the kinase as the 3 prime partner, was in frame, and contained the complete kinase domain (FG1, FG2, FG3, civic.EID:13007). The coiled-coil domain of AGGF1 was proposed to form dimers of the fusion, inducing autophosphorylation of the kinase. AGGF1::PDGFRB induced cytokine independent growth in Ba/F3 and primary murine bone marrow cells, as well as growth pathway activation (FS, civic.EID:13004, civic.EID:13007). A chemotherapy refractory, 4 year old B-ALL patient with AGGF1::PDGFRB fusion responded to imatinib therapy with complete remission, before progression (CV, civic.EID:13008). The presence of the codes FG1, FG2, FG3, FS, and CV results in an Oncogenic classification for AGGF1::PDGFRB via the ClinGen BCR::ABL1-like SC-VCEP fusion oncogenicity rules	269	13008,13007,13004	2026-06-29 22:54:49 UTC	https://civicdb.org/links/assertions/269	https://civicdb.org/links/evidence_items/13008,https://civicdb.org/links/evidence_items/13007,https://civicdb.org/links/evidence_items/13004	https://civicdb.org/links/molecular_profiles/2450	false
BRAF V600E	12	Anaplastic Thyroid Carcinoma	0080522			Oncogenic	Supports	Oncogenic			OS2,OS3,OP1,OP4					BRAF V600E is oncogenic in anaplastic thyroid carcinoma.	BRAF V600E is a recurrent somatic variant in anaplastic thyroid carcinoma (ATC) (civic.EID:13014, civic.EID:13015). Functional studies demonstrate that BRAF V600E activates MAPK signaling, promotes thyroid tumorigenesis in vivo, and is associated with invasive and poorly differentiated thyroid tumor phenotypes (civic.EID:13013). Additionally, pharmacologic inhibition of BRAF V600E in BRAF V600E-positive ATC models suppresses ERK signaling, reduces tumor growth, proliferation, migration, and metastatic burden, and increases apoptosis, supporting a critical role for BRAF V600E in maintaining the malignant phenotype (civic.EID:13011, civic.EID:13012, OS2). BRAF V600E is predicted to be a driver mutation (CHASMplus score 0.966 >VECS gene-specific cutoff of 0.63, OP1), is a recurrent hotspot variant in cancerhotspots.org with 897 variants reported at codon V600, including 833 occurrences of the V600E amino acid substitution (OS3), and is absent from population databases (gnomAD database v4.1.0, OP4). Together, these criteria indicate that BRAF V600E is oncogenic, with a score of 10.	270	13013,13011,13015,13014,13012	2026-08-14 05:06:14 UTC	https://civicdb.org/links/assertions/270	https://civicdb.org/links/evidence_items/13013,https://civicdb.org/links/evidence_items/13011,https://civicdb.org/links/evidence_items/13015,https://civicdb.org/links/evidence_items/13014,https://civicdb.org/links/evidence_items/13012	https://civicdb.org/links/molecular_profiles/12	false
FGFR3 V555M	2273	Cancer	162			Oncogenic	Supports	Uncertain Significance			OP1,OP4,OS2_Moderate					FGFR3 V555M is classified as a Variant of Uncertain Significance according to the FGFR SC-VCEP Oncogenicity specifications.	In vitro studies are equivocal as to whether the V555M variant affects normal FGFR3 function in a manner consistent with oncogenic activation. Purified recombinant FGFR3 protein harboring the V555M variant exhibits increased kinase activity and catalytic efficiency compared with wild-type FGFR3 (civic.EID:12988, civic.EID:12989). However, NIH3T3 cells expressing FGFR3 V555M do not exhibit increased cell proliferation, anchorage-independent growth, or morphological transformation, while saturation mutagenesis studies support only weak oncogenic activation (civic.EID:12990, civic.EID:12882) (OS2_Moderate). The V555M variant has a score of 0.727 from the REVEL in silico prediction tool (OP1). The FGFR3 c.1663G>A (p.V555M) variant is present in the gnomAD database at a minor allele frequency of less than 0.0001 (Grpmax Filtering AF, 95% confidence = 0.00000079 in Non-Finnish European) [OP4]. These codes lead to an Oncogenicity score of 4 (OS2_Moderate [2]; OP1 [1]; OP4 [1]). Therefore, the FGFR3 V555M variant is classified as a Variant of Uncertain Significance according to the FGFR SC-VCEP Oncogenicity specifications. .	271	12988,12989,12882,12990	2026-08-07 16:41:59 UTC	https://civicdb.org/links/assertions/271	https://civicdb.org/links/evidence_items/12988,https://civicdb.org/links/evidence_items/12989,https://civicdb.org/links/evidence_items/12882,https://civicdb.org/links/evidence_items/12990	https://civicdb.org/links/molecular_profiles/2273	false
FGFR3 G697C	3898	Cancer	162			Oncogenic	Supports	Likely Benign			OP1,OP4,SBS2					FGFR3 G697C is classified as Likely Benign according to the FGFR SC-VCEP Oncogenicity specifications.	Functional studies are equivocal but largely indicate that the G697C variant does not affect normal FGFR3 function in a manner consistent with oncogenic activation. Although one study reported increased FGFR3 autophosphorylation and membrane localization in oral squamous cell carcinoma cells (civic.EID:10837), multiple independent studies demonstrated no MAPK activation, cellular transformation, anchorage-independent growth, or proliferative advantage compared with wild-type FGFR3 (civic.EID:10838, civic.EID:10839, civic.EID:12848) (SBS2). The G697C variant has a score of 0.878 from the REVEL in silico prediction tool (OP1). The FGFR3 c.2089G>T (p.G697C) variant is absent in the gnomAD database (OP4). These codes lead to an Oncogenicity score of -2 (OP1 [1]; OP4 [1]; SBS2 [-4]). Therefore, the FGFR3 G697C variant is classified as Likely Benign according to the FGFR SC-VCEP Oncogenicity specifications.	272	10839,12848,10837,10838	2026-08-07 16:45:17 UTC	https://civicdb.org/links/assertions/272	https://civicdb.org/links/evidence_items/10839,https://civicdb.org/links/evidence_items/12848,https://civicdb.org/links/evidence_items/10837,https://civicdb.org/links/evidence_items/10838	https://civicdb.org/links/molecular_profiles/3898	false
EGFR L858R	33	Lung Non-small Cell Carcinoma	3908		Dacomitinib	Predictive	Supports	Sensitivity/Response		Tier I - Level A		Non-Small Cell Lung Cancer	6.2026	true	true	EGFR L858R is sensitive to dacomitinib in lung non-small cell carcinoma.	EGFR L858R is a recurrent activating mutation located in the tyrosine kinase domain of EGFR that predicts response to dacomitinib in non-small cell lung cancer (NSCLC). Preclinical studies demonstrated that EGFR L858R is sensitive to dacomitinib, with inhibition of EGFR signaling and downstream Akt phosphorylation in engineered cell models (civic.EID:4285), and greater sensitivity to dacomitinib than to gefitinib in NSCLC H3255 cells and Ba/F3 cells expressing EGFR L858R (civic.EID:2627). Clinical evidence from a pooled subset analysis of the randomized ARCHER 1009 and A7471028 trials demonstrated longer progression-free survival and overall survival with dacomitinib compared with erlotinib in patients harboring common activating EGFR mutations, including exon 19 deletions and L858R (civic.EID:4860). These findings are further supported by the phase III ARCHER 1050 trial, in which dacomitinib significantly improved progression-free survival compared with gefitinib, with prespecified subgroup analyses demonstrating similar benefit in patients with EGFR exon 19 deletion and EGFR L858R mutations (civic.EID:11239).	273	11239,4285,4860,2627	2026-07-03 18:55:26 UTC	https://civicdb.org/links/assertions/273	https://civicdb.org/links/evidence_items/11239,https://civicdb.org/links/evidence_items/4285,https://civicdb.org/links/evidence_items/4860,https://civicdb.org/links/evidence_items/2627	https://civicdb.org/links/molecular_profiles/33	false
EGFR L858R	33	Lung Non-small Cell Carcinoma	3908			Oncogenic	Supports	Oncogenic			OS2,OS3,OP1,OP4	Non-Small Cell Lung Cancer	6.2026			EGFR L858R is likely oncogenic in lung non-small cell carcinoma.	EGFR L858R is a recurrent somatic activating mutation located in the activation loop of the EGFR tyrosine kinase domain and is one of the most common EGFR mutations identified in non-small cell lung cancer (NSCLC). Functional and biochemical studies demonstrate that EGFR L858R increases EGFR kinase activity through multiple complementary mechanisms, including enhanced and sustained ligand-induced receptor autophosphorylation (civic.EID:13024), constitutive kinase activation resulting from destabilization of the inactive kinase conformation and an approximately 50-fold increase in catalytic activity compared with wild-type EGFR (civic.EID:13026), and constitutive activation of downstream STAT5, ERK1/2, ERK5, and AKT signaling pathways (civic.EID:13025). Exogenous expression of EGFR L858R induces interleukin-3-independent transformation of Ba/F3 cells (civic.EID:13025), promotes increased invasion of NSCLC cells and malignant pleural effusion formation through activation of the CXCL12-CXCR4 signaling axis (civic.EID:13029), and enhances cell survival by increasing Akt and STAT5 signaling, conferring resistance to apoptosis while mutation-specific knockdown induces extensive apoptosis in NSCLC cells harboring endogenous EGFR L858R (civic.EID:13030, OS2). EGFR L858R is predicted to be a driver mutation (CHASMplus score 0.835-0.87 >VECS gene-specific cutoff of 0.64, OP1), is a recurrent hotspot variant in cancerhotspots.org with 144 variants reported at codon 858, all representing the L858R amino acid substitution (OS3), and is absent from population databases (gnomAD database v4.1.0, OP4, OP4). Together, these criteria indicate that EGFR L858R is oncogenic, with a score of 10.	274	13029,13024,13030,13027,13026,13025	2026-08-14 05:07:44 UTC	https://civicdb.org/links/assertions/274	https://civicdb.org/links/evidence_items/13029,https://civicdb.org/links/evidence_items/13024,https://civicdb.org/links/evidence_items/13030,https://civicdb.org/links/evidence_items/13027,https://civicdb.org/links/evidence_items/13026,https://civicdb.org/links/evidence_items/13025	https://civicdb.org/links/molecular_profiles/33	false
BRAF V600E	12	Melanoma	1909		Vemurafenib	Predictive	Supports	Sensitivity/Response		Tier I - Level A		Melanoma	1.2026	true	true	BRAF V600E-mutant melanoma is sensitive to vemurafenib.	Clinical and preclinical evidence consistently demonstrate that BRAF V600E predicts response to vemurafenib in melanoma. The phase III BRIM-3 trial demonstrated significantly improved overall survival, progression-free survival, and objective response rates with vemurafenib compared with dacarbazine in patients with BRAF V600E-mutant metastatic melanoma (civic.EID:1409). Extended follow-up of BRIM-3 confirmed durable survival benefits (civic.EID:1398), while the phase II trial demonstrated durable objective responses with vemurafenib monotherapy in patients with BRAF V600-mutant metastatic melanoma (civic.EID:1410). These findings are supported by preclinical studies demonstrating selective inhibition of MAPK signaling and tumor regression in BRAF V600E-mutant melanoma models following vemurafenib treatment (civic.EID:3746). Acquired resistance has been associated with the emergence of the p61BRAF(V600E) splice variant, which restores MAPK signaling despite BRAF inhibition (civic.EID:9702). Collectively, these evidence items support the predictive role of BRAF V600E for response to vemurafenib in melanoma.	275	3751,1396,3753,3749,3752,3790,1409,3756,9703,3747,1749,3754,9702,3745,3750,3755,3746,3757,1410	2026-07-09 02:58:20 UTC	https://civicdb.org/links/assertions/275	https://civicdb.org/links/evidence_items/3751,https://civicdb.org/links/evidence_items/1396,https://civicdb.org/links/evidence_items/3753,https://civicdb.org/links/evidence_items/3749,https://civicdb.org/links/evidence_items/3752,https://civicdb.org/links/evidence_items/3790,https://civicdb.org/links/evidence_items/1409,https://civicdb.org/links/evidence_items/3756,https://civicdb.org/links/evidence_items/9703,https://civicdb.org/links/evidence_items/3747,https://civicdb.org/links/evidence_items/1749,https://civicdb.org/links/evidence_items/3754,https://civicdb.org/links/evidence_items/9702,https://civicdb.org/links/evidence_items/3745,https://civicdb.org/links/evidence_items/3750,https://civicdb.org/links/evidence_items/3755,https://civicdb.org/links/evidence_items/3746,https://civicdb.org/links/evidence_items/3757,https://civicdb.org/links/evidence_items/1410	https://civicdb.org/links/molecular_profiles/12	false
BRAF V600E	12	Melanoma	1909		Binimetinib,Encorafenib	Predictive	Supports	Sensitivity/Response		Tier I - Level A		Melanoma	1.2026	true	true	BRAF V600E-mutant melanoma is sensitive to encorafenib plus binimetinib.	Clinical evidence demonstrates that BRAF V600E predicts response to encorafenib plus binimetinib in melanoma. In the phase III COLUMBUS trial, encorafenib plus binimetinib significantly improved progression-free survival compared with vemurafenib in patients with unresectable or metastatic melanoma harboring BRAF V600E or V600K mutations (civic.EID:7287). These findings are supported by a multicenter phase Ib/II study in BRAF inhibitor-naïve metastatic melanoma, in which 89% of patients had BRAF V600E and treatment with encorafenib plus binimetinib produced a confirmed objective response rate of 73%, a disease control rate of 96%, and a median progression-free survival of 11.0 months (civic.EID:13042). Collectively, these evidence items support the predictive role of BRAF V600E for sensitivity to encorafenib plus binimetinib in melanoma.	276	13042,7287	2026-07-10 21:40:29 UTC	https://civicdb.org/links/assertions/276	https://civicdb.org/links/evidence_items/13042,https://civicdb.org/links/evidence_items/7287	https://civicdb.org/links/molecular_profiles/12	false
ERBB2 G292R	4772	Lung Non-small Cell Carcinoma	3908			Oncogenic	Supports	Uncertain Significance			OM1,OP4,OS2_Moderate					The ERBB2 variant G292R is of uncertain significance.	The ERBB2 G292R variant is a rare variant that has been observed in cancers of the hepatobiliary and urinary tracts; it is not prevalent in breast cancer. This variant is located in the extracellular cysteine-rich domain C1 that is critical for dimerization (civic.EID:12118) (OM1). Functional data from in vitro assays of cell growth and focus formation are limited, and results have been mixed (civic.EID:12116, civic.EID:12117, civic.EID:12118)(OS2_Moderate). CHASMplus scores do not indicate that this is a deleterious mutation (scores between 0.377-0.567 do not reach the VECS gene-specific cutoff of 0.68 for ERBB2). No instances are reported in cancerhotspots (V2). The variant is absent in the gnomAD database (v4.1.0, OP4). In the absence of stronger functional data, these criteria indicate that G292R remains a Variant of Unknown Significance (VUS), with a score of 5.	277	12117,12116,12118	2026-07-13 18:08:32 UTC	https://civicdb.org/links/assertions/277	https://civicdb.org/links/evidence_items/12117,https://civicdb.org/links/evidence_items/12116,https://civicdb.org/links/evidence_items/12118	https://civicdb.org/links/molecular_profiles/4772	false
ERBB2 V777L	44	Lung Non-small Cell Carcinoma	3908			Oncogenic	Supports	Likely Oncogenic			OS2,OM1,OP1,OP3,OP4					The ERBB2 V777L variant is likely oncogenic.	The ERBB2 V777L variant is found in breast cancer and at low frequency in other solid tumors; it may or may not be associated with gene amplification (civic.EID:12103). It displays greater tyrosine kinase activity than wild-type in multiple in vitro kinase assays (civic.EID:12103). It induces anchorage-independent growth and tumor formation in xenografts when stably over-expressed in cultured murine NCI-H508 colon cancer cells (civic.EID:4452) NIH-3T3 cells and MCF10A human breast epithelial cells (civic.EID:12103, civic.EID:12104 (OS2). This variant is located in the ATP-binding site of the tyrosine kinase catalytic domain (OM1). ERBB2 V777L is predicted to be deleterious (CHASMplus scores between 0.761-0.803 exceed the VECS gene-specific cutoff of 0.68 for ERBB2, OP1). Seventeen instances of the variant occur in cancerhotspots.org (V2), 6 in breast, 4 in colon, and 7 in other cancer types (OP3). The variant is absent in the gnomAD database (v4.1.0, OP4). Together these criteria indicate that V777L is likely oncogenic, with a score of 9.	278	12103,4452,12104	2026-07-13 18:07:43 UTC	https://civicdb.org/links/assertions/278	https://civicdb.org/links/evidence_items/12103,https://civicdb.org/links/evidence_items/4452,https://civicdb.org/links/evidence_items/12104	https://civicdb.org/links/molecular_profiles/44	false
BRAF V600E	12	Melanoma	1909		Atezolizumab,Vemurafenib,Cobimetinib	Predictive	Supports	Sensitivity/Response		Tier I - Level A		Melanoma	1.2026	true	true	BRAF V600E-mutant melanoma is sensitive to atezolizumab, cobimetinib, and vemurafenib combination therapy.	Clinical evidence supports the predictive role of BRAF V600E for response to combination therapy with atezolizumab, cobimetinib, and vemurafenib in melanoma. A phase Ib study demonstrated durable antitumor activity with the triplet regimen in patients with BRAF V600-mutated metastatic melanoma (civic.EID:13043). The phase III IMspire150 trial demonstrated significantly prolonged progression-free survival compared with cobimetinib and vemurafenib alone (civic.EID:11238), while an exploratory biomarker analysis confirmed benefit in the centrally confirmed BRAF V600E subgroup (civic.EID:13045). Updated follow-up from IMspire150 demonstrated durable progression-free survival benefit, although overall survival was not significantly improved (civic.EID:13046). Additional phase II evidence demonstrated intracranial activity in patients with BRAF V600-mutated melanoma and CNS metastases (civic.EID:13044). Collectively, these evidence items support the predictive role of BRAF V600E for sensitivity to atezolizumab, cobimetinib, and vemurafenib in melanoma.	279	13046,11238,13045,13043,13044	2026-07-11 21:55:45 UTC	https://civicdb.org/links/assertions/279	https://civicdb.org/links/evidence_items/13046,https://civicdb.org/links/evidence_items/11238,https://civicdb.org/links/evidence_items/13045,https://civicdb.org/links/evidence_items/13043,https://civicdb.org/links/evidence_items/13044	https://civicdb.org/links/molecular_profiles/12	false
KRAS A146P	879	Colorectal Cancer	9256			Oncogenic	Supports	Likely Oncogenic			OS2,OM1,OP1,OP3,OP4					The KRAS A146P variant is likely oncogenic.	KRAS codon A146 variants are rare, occurring in 1-5% of colorectal cancers and very rarely in other solid tumors. The KRAS A146P variant is the least frequent variant at codon A146, which resides within the conserved GTPase/RAS domain (OM1). This variant displays increased ERK2 activation relative to wild-type, induces IL3-independent transformation in BaF3 cells (civic.EID:12168), and causes focus formation in 3T3 cells (civic.EID:13018) (OS2). KRAS A146P is predicted to be deleterious by in silico models (ChasmPlus score of 0.89, which is above the VECS gene-specific threshold of 0.75 for KRAS; OP1). This variant is found in five samples in cancerhotspots.org (V2): 2 bowel, 1 lung, 1 testis, and 1 other (OP3). The variant is absent in the gnomAD database (v4.1.0, OP4). Together these criteria indicate that A146P is likely oncogenic, with a score of 9.	280	13020,13018	2026-07-13 18:55:23 UTC	https://civicdb.org/links/assertions/280	https://civicdb.org/links/evidence_items/13020,https://civicdb.org/links/evidence_items/13018	https://civicdb.org/links/molecular_profiles/879	false
BRAF V600E	12	Melanoma	1909			Oncogenic	Supports	Oncogenic			OS2,OS3,OP1,OP4					BRAF V600E is oncogenic in melanoma.	BRAF V600E (reported as V599E in earlier publications) is a recurrent somatic variant in melanoma. Functional studies demonstrate that BRAF V600E constitutively activates MAPK signaling through increased kinase activity and ERK phosphorylation, disrupts the inactive kinase conformation, and promotes cellular transformation compared with wild-type BRAF (civic.EID:13053, civic.EID:13055, OS2). Additional cellular, animal, and patient-derived studies demonstrate that BRAF V600E promotes melanocyte transformation, melanoma initiation, invasion, and metastatic progression, while sustained expression in primary human melanocytes induces oncogene-induced senescence, indicating that additional cooperating alterations are required for complete malignant transformation (civic.EID:13052, civic.EID:13054, civic.EID:13056, OS2). BRAF V600E is predicted to be a driver mutation (CHASMplus score 0.966 >VECS gene-specific cutoff of 0.63, OP1), is a recurrent hotspot variant in cancerhotspots.org with 897 variants reported at codon V600, including 833 occurrences of the V600E amino acid substitution (OS3), and is absent from population databases (gnomAD database v4.1.0, OP4). Together, these criteria indicate that BRAF V600E is oncogenic, with a score of 10.	281	13055,13054,13056,104,13052,13053	2026-08-14 05:05:18 UTC	https://civicdb.org/links/assertions/281	https://civicdb.org/links/evidence_items/13055,https://civicdb.org/links/evidence_items/13054,https://civicdb.org/links/evidence_items/13056,https://civicdb.org/links/evidence_items/104,https://civicdb.org/links/evidence_items/13052,https://civicdb.org/links/evidence_items/13053	https://civicdb.org/links/molecular_profiles/12	false
LRRC71::NTRK1 Fusion	5987	Lung Squamous Cell Carcinoma	3907			Oncogenic	Supports	Likely Oncogenic			N/A					LRRC71::NTRK1 is classified as a Likely Oncogenic NTRK fusion.	The LRRC71::NTRK1 fusion has been reported in three published adult cancer cases, including uterine corpus endometrial carcinoma, lung adenocarcinoma, and lung squamous cell carcinoma. In each reported case, NTRK1 is the 3′ partner gene (FG1). Additionally, one study demonstrated that the fusion joins LRRC71 exon 1 to NTRK1 exons 8–17, preserving the NTRK1 tyrosine kinase domain (TKD) (FG2). Although LRRC71 is a novel 5′ fusion partner, its occurrence in multiple independent cancer cases supports CA3. No published studies have demonstrated that the fusion is in-frame, functionally characterized the fusion, demonstrated RNA or protein expression of the fusion, or shown a clinical response to TRK inhibitor therapy. Collectively, the application of FG1 + FG2 + CA3 results in a Likely Oncogenic classification for LRRC71::NTRK1 via the ClinGen NTRK SC-VCEP fusion oncogenicity rules.	282	13058,13048,13057	2026-07-17 23:17:54 UTC	https://civicdb.org/links/assertions/282	https://civicdb.org/links/evidence_items/13058,https://civicdb.org/links/evidence_items/13048,https://civicdb.org/links/evidence_items/13057	https://civicdb.org/links/molecular_profiles/5987	false
DPP10::NTRK3 Fusion	5986	Melanoma	1909			Oncogenic	Supports	Uncertain Significance			N/A					DPP10::NTRK3 is classified as a NTRK fusion of uncertain significance.	The DPP10::NTRK3 fusion was identified in a single case of malignant melanoma. NTRK3 is the 3′ partner gene (FG1), and the reported fusion junction occurs upstream of and preserves the NTRK3 tyrosine kinase domain (FG2). However, the exact breakpoint is not clearly defined because the text and figure are not fully consistent, and RNA-based analysis was not performed to confirm an expressed, in-frame fusion transcript. The fusion has not been reported recurrently in more than three individuals, DPP10 is not an established recurrent 5′ fusion partner in cancer, and conventional malignant melanoma is not considered an NTRK fusion-associated tumor type. No functional studies, RNA or protein expression evidence, or clinical response to NTRK-targeted therapy were reported. Therefore, with only FG1 + FG2 applied, DPP10::NTRK3 is classified as a fusion of uncertain significance via the ClinGen NTRK SC-VCEP fusion oncogenicity rules.	283	13047	2026-07-17 23:19:33 UTC	https://civicdb.org/links/assertions/283	https://civicdb.org/links/evidence_items/13047	https://civicdb.org/links/molecular_profiles/5986	false
CCDC171::NTRK1 Fusion	5991	Undifferentiated Pleomorphic Sarcoma				Oncogenic	Supports	Likely Oncogenic			N/A					CCDC171::NTRK1 is classified as a Likely Oncogenic NTRK fusion.	The CCDC171::NTRK1 fusion has been reported in one case of undifferentiated pleomorphic sarcoma. The study identified CCDC171 as the 5′ fusion partner and NTRK1 as the 3′ fusion partner (FG1). The reported fusion structure places NTRK1 as the 3′ partner, consistent with preservation of the kinase-containing region (FG2). The fusion was detected by whole-exome RNA sequencing (FS2). The exact exon-level breakpoint and reading frame were not reported, and no fusion-specific functional studies or clinical responses to TRK inhibition were described. The authors noted that the biological significance of NTRK fusions in complex-genomic sarcomas remains uncertain. Based on the available evidence, FG1 + FG2 + FS2 supports the classification of CCDC171::NTRK1 as a Likely Oncogenic NTRK fusion under the ClinGen NTRK SC-VCEP framework.	284	13059	2026-07-19 00:00:51 UTC	https://civicdb.org/links/assertions/284	https://civicdb.org/links/evidence_items/13059	https://civicdb.org/links/molecular_profiles/5991	true
KHDRBS1::NTRK1 Fusion	5992	Unclassified Mesenchymal Sarcoma				Oncogenic	Supports	Likely Oncogenic			N/A					KHDRBS1::NTRK1 is classified as a Likely Oncogenic NTRK fusion.	The KHDRBS1::NTRK1 fusion has been reported in one case of unclassified mesenchymal sarcoma. KHDRBS1 is the 5′ fusion partner and NTRK1 is the 3′ fusion partner (FG1). The reported fusion joins KHDRBS1 exons 1–8 to NTRK1 exons 12–17, retaining the NTRK1 tyrosine kinase domain (FG2). The patient demonstrated a complete and durable clinical response to crizotinib, with complete regression of metastatic disease and no evidence of disease progression during approximately 45 months of follow-up (CV). However, the fusion has only been reported in a single case, and no published studies have demonstrated that the fusion transcript is expressed and in-frame, functionally characterized the fusion, or demonstrated fusion-specific RNA or protein expression. Based on the available evidence, FG1 + FG2 + CV supports the classification of KHDRBS1::NTRK1 as a Likely Oncogenic NTRK fusion under the ClinGen NTRK SC-VCEP fusion oncogenicity framework.	285	13060	2026-07-19 00:00:51 UTC	https://civicdb.org/links/assertions/285	https://civicdb.org/links/evidence_items/13060	https://civicdb.org/links/molecular_profiles/5992	true
BRAF V600E	12	Colorectal Cancer	9256			Oncogenic	Supports	Oncogenic			OS2,OS3,OP1,OP4					BRAF V600E is oncogenic in colorectal cancer.	BRAF p.V600E is a recurrent somatic variant in colorectal cancer and an early driver of the serrated neoplasia pathway. Functional studies demonstrate that BRAF p.V600E constitutively activates MAPK signaling and promotes epithelial dedifferentiation, tumor initiation, and colorectal transformation in patient-derived organoid and mouse models compared with wild-type BRAF (civic.EID:13065, civic.EID:13071, OS2). Additional cellular, animal, and patient-derived studies demonstrate that BRAF p.V600E promotes serrated tumorigenesis, malignant progression, and cooperation with additional genetic alterations or inflammatory stimuli, consistent with a gain-of-function oncogenic effect (civic.EID:13066, civic.EID:13069, OS2). BRAF V600E is predicted to be a driver mutation (CHASMplus score 0.966 >VECS gene-specific cutoff of 0.63, OP1), is a recurrent hotspot variant in cancerhotspots.org with 897 variants reported at codon V600, including 833 occurrences of the V600E amino acid substitution (OS3), and is absent from population databases (gnomAD database v4.1.0, OP4). Together, these criteria indicate that BRAF V600E is oncogenic, with a score of 10.	286	13069,13072,13067,13066,13065,13068,13070,13071	2026-08-14 05:06:57 UTC	https://civicdb.org/links/assertions/286	https://civicdb.org/links/evidence_items/13069,https://civicdb.org/links/evidence_items/13072,https://civicdb.org/links/evidence_items/13067,https://civicdb.org/links/evidence_items/13066,https://civicdb.org/links/evidence_items/13065,https://civicdb.org/links/evidence_items/13068,https://civicdb.org/links/evidence_items/13070,https://civicdb.org/links/evidence_items/13071	https://civicdb.org/links/molecular_profiles/12	false
H3-3B K28M	5998	Cancer	162			Oncogenic	Supports	Likely Oncogenic			OS1,OM1,OP1					H3-3B K28M is Likely Oncogenic	The H3-3B K28M mutation has the same amino acid change as an established oncogenic variant at the canonical hotspot for histone mutant glioma (OS1, 4 points). It is located in a conserved residue affecting epigenetic modification (OM1, 2 points). The variant is absent in gnomAD v4.1.1 (OP1, 1 point). K28M in H3-3B () was not found to be reported in literature searches, while rare instances of K27M in H3-3A were reported.	287		2026-07-28 17:57:12 UTC	https://civicdb.org/links/assertions/287		https://civicdb.org/links/molecular_profiles/5998	false
IDH1 R132H	416	Acute Myeloid Leukemia	9119		Ivosidenib	Predictive	Supports	Sensitivity/Response		Tier I - Level A		Acute Myeloid Leukemia	5.2026	true	true	IDH1 R132H is sensitive to ivosidenib in acute myeloid leukemia.	IDH1 R132H is a missense mutation affecting the conserved R132 residue of IDH1 that predicts response to ivosidenib in acute myeloid leukemia (AML). Preclinical studies demonstrated that ivosidenib suppresses 2-hydroxyglutarate production and induces myeloid differentiation in AML models harboring IDH1 R132 mutations (civic.EID:12903). Clinical evidence from phase I studies demonstrated durable clinical activity of ivosidenib monotherapy in patients with relapsed or refractory and newly diagnosed IDH1 R132-mutated AML, including durable remissions, mutation clearance, and prolonged overall survival (civic.EID:13075, civic.EID:13076, civic.EID:13077). Collectively, these findings support the sensitivity of AML harboring IDH1 R132H to ivosidenib.	288	12903,13077,13075,13076	2026-07-30 04:24:48 UTC	https://civicdb.org/links/assertions/288	https://civicdb.org/links/evidence_items/12903,https://civicdb.org/links/evidence_items/13077,https://civicdb.org/links/evidence_items/13075,https://civicdb.org/links/evidence_items/13076	https://civicdb.org/links/molecular_profiles/416	false
FLT3 Q771P	6003	Acute Myeloid Leukemia	9119			Oncogenic	Supports	Likely Benign			OM1,SBS1					This variant p.Q771P has a cumulative score of -2 and is classified as likely benign based on the FLT3 SC-VCEP Oncogenicity specifications.	The FLT3 (NM_004119.3) variant, p.Q771P, resulting from c.2312A>C, occurs within the tyrosine kinase domain (OM1), and has been reported as an acquired variant in 1 individual with a hematological malignancy (civic.EID:XXXX). This c.2312A>C variant is found in the African/African-American population with an allele frequency of 0.4237% (318/75058 alleles, including 1 homozygote) and a filtering allele frequency of 0.3854% in the Genome Aggregation Database (v4.1.1) (SBS1). Computational analyses predict that the p.Q771P variant is tolerated (ClinPred score=0.062), and neither impacts a nearby canonical splice site nor creates a cryptic splice site (SpliceAI). This variant p.Q771P is classified as likely benign based on the FLT3 SC-VCEP Oncogenicity specifications (Version 1).	289		2026-08-04 02:38:04 UTC	https://civicdb.org/links/assertions/289		https://civicdb.org/links/molecular_profiles/6003	false
FLT3 S684P	6004	Acute Myeloid Leukemia	9119			Oncogenic	Supports	Uncertain Significance			OM1					This variant p.S684P has a cumulative score of 2 and is classified as a variant of uncertain significance based on the FLT3 SC-VCEP Oncogenicity specifications.	The FLT3 (NM_004119.3) variant, p.S684P, resulting from c.2050T>C, occurs within the tyrosine kinase domain (OM1), and has not been reported as an acquired variant in individuals with hematological malignancies. This c.2050T>C variant is found in the non-Finnish European population with an allele frequency of 0.01951% (220/1127488 alleles) and a filtering allele frequency of 0.01737% in the Genome Aggregation Database (v4.1.1). Computational analyses predict that the p.S684P variant is not damaging (ClinPred score=0.255), and neither impacts a nearby canonical splice site nor creates a cryptic splice site (SpliceAI). This variant p.S684P is classified as a variant of uncertain significance based on the FLT3 SC-VCEP Oncogenicity specifications (Version 1).	290		2026-08-04 02:51:14 UTC	https://civicdb.org/links/assertions/290		https://civicdb.org/links/molecular_profiles/6004	false
KRAS G12C	78	Colorectal Cancer	9256		Cetuximab	Predictive	Supports	Resistance		Tier I - Level A		Colon Cancer	2.2026	true	true	KRAS G12C-positive metastatic colorectal cancer is resistant to cetuximab-based therapy when cetuximab is administered without a KRAS G12C inhibitor.	Somatic KRAS G12C is an established negative predictive biomarker for response to cetuximab-based therapy in metastatic colorectal cancer when cetuximab is administered without a KRAS G12C inhibitor. Variant-specific clinical data from 16 patients with KRAS G12C-positive colorectal cancer treated primarily with cetuximab plus irinotecan demonstrated one partial response, stable disease in six patients, and progressive disease in nine patients; median progression-free survival and overall survival were 11 and 24 weeks, respectively (civic:EID3967). These findings are consistent with multiple clinical studies of broader KRAS exon 2 or codon 12/13-mutant colorectal cancer populations demonstrating absent or markedly reduced response and shorter progression-free and overall survival following cetuximab-containing therapy (e.g., civic:EID3968, civic:EID3969, civic:EID3970). A small cetuximab-monotherapy subgroup reported in civic:EID3963 did not demonstrate statistically significant differences in progression-free or overall survival between KRAS-mutant and KRAS wild-type tumors; however, this subgroup included only 30 patients. FDA-authorized companion diagnostics for cetuximab, including the therascreen KRAS RGQ PCR Kit, assess KRAS codon 12/13 status and specifically detect G12C. Cetuximab monotherapy and cetuximab administered with conventional chemotherapy are FDA-labeled for KRAS wild-type metastatic colorectal cancer, whereas adagrasib plus cetuximab has a separate indication for previously treated KRAS G12C-mutated locally advanced or metastatic colorectal cancer. Collectively, the regulatory and clinical evidence supports classification of this molecular profile–disease–therapy relationship as AMP/ASCO/CAP Tier I – Level A. This assertion does not apply to cetuximab administered in combination with a KRAS G12C inhibitor, such as adagrasib.	291	3967	2026-08-06 01:59:27 UTC	https://civicdb.org/links/assertions/291	https://civicdb.org/links/evidence_items/3967	https://civicdb.org/links/molecular_profiles/78	false
FGFR3 R248C	2276	Cancer	162			Oncogenic	Supports	Likely Oncogenic			OS2,OP1,OP4,OM3					FGFR3 R248C is Likely Oncogenic	Expression of FGFR3 carrying the R248C variant in HEK293 cells resulted in increased phospho-ERK (civic.EID:8320). In Addition, R248C induced IL3 and FGF1 independent growth in Ba/R3 cells, and colony formation, transformation, as well as increased growth in 3T3 cells (civic.EID:10387, civic.EID:12841, civic.EID:7940, OS2) Data indicate R248C may not activate FGFR3 via a dimerization mechanism (civic.EID:10511). The cancerhotspots dataset contains fewer than 50 samples with a somatic variant at this codon, with the R248C variant present in 31 samples (OM3). The R248C variant has a score of 0.86 from the REVEL in silico prediction tool (OP1). R248C is absent in the gnomAD database v4.11 (OP4). Together these codes (OS2, OM3, OP1, OP4) give a score of 8, and indicate R248C is likely oncogenic using ClinGen FGFR3 SC-VCEP modified ClinGen/CGC/VICC oncogenicity criteria.	292	10511,10387,12841,7940,8946,8320	2026-08-06 13:33:18 UTC	https://civicdb.org/links/assertions/292	https://civicdb.org/links/evidence_items/10511,https://civicdb.org/links/evidence_items/10387,https://civicdb.org/links/evidence_items/12841,https://civicdb.org/links/evidence_items/7940,https://civicdb.org/links/evidence_items/8946,https://civicdb.org/links/evidence_items/8320	https://civicdb.org/links/molecular_profiles/2276	false
FGFR3 A391E	3891	Cancer	162			Oncogenic	Supports	Likely Oncogenic			OS2,OP1,OP4					FGFR3 A391E is Likely Oncogenic	The A391E substitution was shown to activate FGFR3 through ligand-independent dimerization, and has dominant activation effects on hetero and homodimers containing the mutation (civc.EID:10513, civc.EID:10395, civc.EID:10654). A391E was associated with transformation and faster growth over wild type in 3T3 cells (civc.EID:12849, OS2). The A391E variant has a score of 0.716 from the REVEL in silico prediction tool (OP1). A391E is absent in the gnomAD database v4.11 (OP4). Together these codes (OS2, OP1, OP4) give a score of 6, and indicate A391E is likely oncogenic using ClinGen FGFR3 SC-VCEP modified ClinGen/CGC/VICC oncogenicity criteria.	293	12849,10513,10395,10654	2026-08-06 13:36:31 UTC	https://civicdb.org/links/assertions/293	https://civicdb.org/links/evidence_items/12849,https://civicdb.org/links/evidence_items/10513,https://civicdb.org/links/evidence_items/10395,https://civicdb.org/links/evidence_items/10654	https://civicdb.org/links/molecular_profiles/3891	false
FGFR3 R248C	2276	Urothelial Carcinoma			Erdafitinib	Predictive	Supports	Sensitivity/Response		Tier I - Level A				false		Urothelial Cancer with FGFR3 R248C is sensitive to erdafitinib	Erdafitinib is approved for use in adult patients with locally advanced or metastatic urothelial carcinoma with FGFR3 R248C alterations based on a Phase 3 trial of 266 patients with prior treatments. In this trial, 25 patients had FGFR3 R248C mutation, and 4 had FGFR3 R248C together with a different FGFR2 or FGFR3 alteration.	294	13088,7305	2026-08-09 00:00:56 UTC	https://civicdb.org/links/assertions/294	https://civicdb.org/links/evidence_items/13088,https://civicdb.org/links/evidence_items/7305	https://civicdb.org/links/molecular_profiles/2276	true
KRAS G12C	78	Colorectal Cancer	9256		Panitumumab	Predictive	Supports	Resistance		Tier I - Level A		Colon Cancer	2.2026	true	true	KRAS G12C-positive metastatic colorectal cancer is resistant to panitumumab-based therapy when panitumumab is administered without a KRAS G12C inhibitor.	Somatic KRAS G12C is an established negative predictive biomarker for response to panitumumab-based therapy in metastatic colorectal cancer when panitumumab is administered without a KRAS G12C inhibitor. In a randomized phase III biomarker analysis of 427 patients with chemotherapy-refractory metastatic colorectal cancer, the KRAS-mutant cohort derived no progression-free survival benefit from panitumumab monotherapy compared with best supportive care (HR 0.99, 95% CI 0.73–1.36; median progression-free survival 7.4 versus 7.3 weeks), whereas the KRAS wild-type cohort benefited from panitumumab (HR 0.45, 95% CI 0.34–0.59; median progression-free survival 12.3 versus 7.3 weeks). No objective responses were observed among panitumumab-treated patients with KRAS-mutant tumors, compared with a 17% response rate among patients with KRAS wild-type tumors (civic:EID2253). The assay used in this study detected seven KRAS codon 12/13 variants, including G12C, although treatment outcomes were reported for the pooled KRAS-mutant cohort rather than separately for G12C. An accepted Level A guideline-derived Evidence Item identifies activating KRAS mutations as predictive of resistance to the alternative anti-EGFR antibodies panitumumab or cetuximab in colorectal cancer (civic:EID5345). FDA-approved companion diagnostics for conventional panitumumab treatment, such as the CRCdx RAS Mutation Detection Kit, identify RAS wild-type colorectal cancers by testing KRAS and NRAS exons 2, 3, and 4. Current FDA labeling indicates panitumumab with FOLFOX for first-line treatment and panitumumab monotherapy following progression on fluoropyrimidine-, oxaliplatin-, and irinotecan-containing chemotherapy only for RAS wild-type metastatic colorectal cancer. Panitumumab has a separate indication in combination with sotorasib for previously treated KRAS G12C-mutated metastatic colorectal cancer. Collectively, the clinical, guideline, and regulatory evidence supports classification of this molecular profile–disease–therapy relationship as AMP/ASCO/CAP Tier I – Level A. This assertion does not apply to panitumumab administered in combination with a KRAS G12C inhibitor, such as sotorasib.	295	5345,2253	2026-08-06 18:03:59 UTC	https://civicdb.org/links/assertions/295	https://civicdb.org/links/evidence_items/5345,https://civicdb.org/links/evidence_items/2253	https://civicdb.org/links/molecular_profiles/78	false
KRAS A146P	879	Colorectal Cancer	9256		Cetuximab	Predictive	Supports	Resistance		Tier I - Level A		Colon Cancer	2.2026	true	false	KRAS A146P-positive metastatic colorectal cancer is resistant to cetuximab-based therapy.	Somatic KRAS A146P is a negative predictive biomarker for the response to cetuximab treatment in metastatic colorectal cancer. In a retrospective analysis of patients with irinotecan-refractory metastatic colorectal cancer treated with cetuximab combined with irinotecan, the evidence item that corresponds to A146P profile was taken from one patient who had a tumor mutant for KRAS codon 146 and did not respond. Among patients without BRAF mutation, no response was observed in any of eight patients with tumors having a mutation in KRAS codon 61 or 146, while 22 out of 60 patients with wild-type tumors at both codons responded (0% vs 37%, p=0.047). Patients with codon 61/146 mutation had a shorter median progression free survival (3.8 vs 5.3 months; reported HR 0.45; p=0.023), but there was no significant difference in overall survival (9.7 vs 14.8 months; p=0.320) (civic:EID2225). Civic:EID3856 and civic:EID13017 refer to the same cohort of patients described by Loupakis et al. and therefore cannot be regarded as separate studies. The publication describes the individual case as a codon 146 mutation, not as A146P-specific outcome. The submitted evidence civic:EID13023 provides relatively low weight support because of KRAS A146P detection in circulating tumor DNA prior to cetuximab- or panitumumab-based anti-EGFR re-challenge therapy, however, without isolation of individual treatment assignment and outcome. On the contrary, the submitted preclinical evidence civic:EID12068 demonstrated cetuximab sensitivity in an engineered model with KRAS A146P in HT29 cells. Such a conflicting D-level evidence derived from a short-term experiment in engineered cell line viability and has less value in comparison with the clinical and regulatory evidence related to KRAS exon 4 codon 146 mutation. The FDA labeling declares that cetuximab is not indicated for patients with metastatic colorectal cancer with KRAS or NRAS exon 4 codon 146 mutation and limits the use of standard cetuximab in RAS wild-type diseases, which includes cetuximab with FOLFIRI for first line therapy, cetuximab with irinotecan after irinotecan refractory, and cetuximab monotherapy in subsequent lines. Thus, the classification of the molecular profile-disease-therapy combination is AMP/ASCO/CAP Tier I – Level A.	296	2225	2026-08-06 18:50:01 UTC	https://civicdb.org/links/assertions/296	https://civicdb.org/links/evidence_items/2225	https://civicdb.org/links/molecular_profiles/879	false
FGFR3 P449S	4600	Cancer	162			Oncogenic	Supports	Likely Benign			SBS1,SBS2_Supporting					FGFR3 P449S is classified as Likely Benign according to the FGFR SC-VCEP Oncogenicity specifications.	In vitro studies indicate that the P449S variant does not affect normal FGFR3 function in a manner consistent with oncogenic activation. Introduction of the P449S variant into NIH/3T3 cells does not result in biochemical activation of the FGFR3 protein (civic.EID:13089) (SBS2_Supporting). The P449S variant is present in the gnomAD database v4.1 at a minor allele frequency greater than 0.001 (0.58%; gnomAD v4.1.0 Grpmax Filtering AF, 95% confidence) (SBS1). These codes lead to an Oncogenicity score of -5 (SBS2_Supporting [-1]; SBS1 [-4]). Therefore, FGFR3 P449S is classified as Likely Benign according to the FGFR SC-VCEP Oncogenicity specifications.	297	13089	2026-08-07 15:46:49 UTC	https://civicdb.org/links/assertions/297	https://civicdb.org/links/evidence_items/13089	https://civicdb.org/links/molecular_profiles/4600	false
FGFR3 G380R	2278	Cancer	162			Oncogenic	Supports	Likely Oncogenic			OS2,OP4,OM3					FGFR3 G380R is classified as Likely Oncogenic according to the FGFR SC-VCEP Oncogenicity specifications.	In vitro studies indicate that the G380R variant affects normal FGFR3 function in a manner consistent with oncogenic activation. Functional experiments demonstrate increased phosphorylation compared to wild-type (civic.eid:10368, civic.eid:10416) increased FGFR3 dimer stability (civic.eid:10396), ligand independent dimerization (civic.eid:10403) and proliferation studies (using the MANO method) demonstrate increased cell proliferation compared to wild type (civic.eid:12847) (OS2). FGFR3 G380R is identified as a statistically enriched hotspot in the cancerhotspots database. The cancerhotspots dataset contains fewer than 50 samples with a somatic variant at this codon, but the G380R variant is present in ten or more samples (OM3). The G380R variant has a score of 0.696 from the REVEL in silico prediction tool which is close but does not meet the required 0.7 threshold. Both c.1138G>A and c.1138G>C that lead to G380R are absent in the gnomAD database or present at a minor allele frequency of less than 0.0001 (Grpmax Filtering AF, 95% confidence) (OP4). These codes lead to an Oncogenicity score of 7 (OS2 [4]; OM3 [2]; OP4 [1]). Therefore, FGFR3 G380R is classified as a Likely Oncogenic according to the FGFR SC-VCEP Oncogenicity specifications.	298	10403,12847,10490,10368,10415,10416,10396	2026-08-07 16:23:35 UTC	https://civicdb.org/links/assertions/298	https://civicdb.org/links/evidence_items/10403,https://civicdb.org/links/evidence_items/12847,https://civicdb.org/links/evidence_items/10490,https://civicdb.org/links/evidence_items/10368,https://civicdb.org/links/evidence_items/10415,https://civicdb.org/links/evidence_items/10416,https://civicdb.org/links/evidence_items/10396	https://civicdb.org/links/molecular_profiles/2278	false
FGFR3 G65R	4604	Cancer	162			Oncogenic	Supports	Benign			SBVS1,SBP1					FGFR3 G65R is classified as Benign according to the FGFR SC-VCEP Oncogenicity specifications.	Functional studies testing the G65R variant were not identified. The G65R variant has a score of 0.04 from the REVEL in silico prediction tool (SBP1). The c.193G>A variant is present in the gnomAD database at a minor allele frequency of greater than 0.001 (has a value of 2.1% Grpmax Filtering AF, 95% confidence) (SBS1). These codes lead to an Oncogenicity score of -9 (SBVS1 [-8]; SBP1 [-1]). Therefore, FGFR3 G65R is classified as a Benign according to the FGFR SC-VCEP Oncogenicity specifications.	299		2026-08-07 16:59:24 UTC	https://civicdb.org/links/assertions/299		https://civicdb.org/links/molecular_profiles/4604	false
FGFR3 R805Q	3937	Cancer	162			Oncogenic	Supports	Likely Benign			OP4,SBP1,SBS2_Supporting					FGFR3 R805Q is classified as Likely Benign according to the FGFR SC-VCEP Oncogenicity specifications.	In vitro studies indicate that the R805Q variant does not affect normal FGFR3 function in a manner consistent with oncogenic activation. Introduction of the R805Q variant into Ba/F3 or MCF10A cells does not result in increased cell proliferation (civic.EID:12968)[SBS2_Supporting]. The R805Q variant has a score of less than 0.3 (0.25) from the REVEL in silico prediction tool [SBP1]. The R805Q variant is absent in the gnomAD database or present at a minor allele frequency of less than 0.0001 (Grpmax Filtering AF, 95% confidence = 0.0000146 Non-Finnish European) [OP4]. These codes lead to an Oncogenicity score of -1 (SBS2_Supporting [-1]; SBP1 [-1]; OP4 [1]). Therefore, FGFR3 R805Q is classified as Likely Benign according to the FGFR SC-VCEP Oncogenicity specifications.	300	12968	2026-08-07 18:26:11 UTC	https://civicdb.org/links/assertions/300	https://civicdb.org/links/evidence_items/12968	https://civicdb.org/links/molecular_profiles/3937	false
IDH1 R132H	416	Acute Myeloid Leukemia	9119		Olutasidenib	Predictive	Supports	Sensitivity/Response		Tier I - Level A		Acute Myeloid Leukemia	5.2026	true	true	IDH1 R132H is sensitive to olutasidenib in acute myeloid leukemia.	IDH1 R132H is a recurrent missense mutation affecting the catalytic arginine residue of IDH1 that predicts response to olutasidenib in acute myeloid leukemia (AML). Clinical evidence from a phase 2 trial demonstrates that olutasidenib monotherapy produces objective responses in patients with relapsed or refractory IDH1 R132H-mutated AML, although response rates are lower than those observed for other IDH1 R132 substitution variants and may be influenced by concurrent genomic alterations (civic.eid:13079). Additional studies in patients with IDH1 R132-mutated AML support the overall clinical activity of olutasidenib monotherapy in this molecular subgroup (civic.eid:13078, civic.eid:13080, civic.eid:13091). Collectively, these findings support the sensitivity of IDH1 R132H-mutated AML to olutasidenib.	301	13080,13079,13078,13091	2026-08-08 15:32:18 UTC	https://civicdb.org/links/assertions/301	https://civicdb.org/links/evidence_items/13080,https://civicdb.org/links/evidence_items/13079,https://civicdb.org/links/evidence_items/13078,https://civicdb.org/links/evidence_items/13091	https://civicdb.org/links/molecular_profiles/416	false
FGFR3 A500T	3917	Cancer	162			Oncogenic	Supports	Likely Benign			SBP1					FGFR3 A500T is classified as Likely Benign according to the FGFR SC-VCEP Oncogenicity specifications.	In vitro studies indicate that the A500T variant does not affect normal FGFR3 function in a manner consistent with oncogenic activation. Purified protein in vitro auto-phosphorylation assays showed that compared to wild type, A500T does not significantly increase auto-phosphorylation (civic.id:13090). A500T was classified as Neutral in a saturation mutagenesis study (civic.eid:13092). A500T is absent in the cancerhotspots database and present at only a few counts in CBioPortal and Cosmic (in both cases not observed in urothelial cancers). The A500T variant has a score of 0.16 from the REVEL in silico prediction tool (SBP1). The GNOMAD frequency (0.039%, Grpmax Filtering AF, 95% confidence) does not meet criteria for any code. These codes lead to an Oncogenicity score of -1 (SBP1 [-1]). Therefore, FGFR3 A500T is classified as a Likely Benign according to the FGFR SC-VCEP Oncogenicity specifications.	302	13092,13090	2026-08-10 15:13:12 UTC	https://civicdb.org/links/assertions/302	https://civicdb.org/links/evidence_items/13092,https://civicdb.org/links/evidence_items/13090	https://civicdb.org/links/molecular_profiles/3917	false
FGFR3 L164V	4611	Cancer	162			Oncogenic	Supports	Likely Benign			SBS1,SBP1					FGFR3 L164V is classified as Likely Benign according to the FGFR SC-VCEP Oncogenicity specifications.	No functional data was found for FGFR3 L164V in any high throughput or other experimental studies (this amino acid position is not within the kinase domain, where these assays are often focused). L164V was absent from cancerhotspots and CBioPortal. The L164V variant has a score of 0.218 from the REVEL in silico prediction tool (SBP1). The c.490C>G variant is present in the gnomAD database at a minor allele frequency of greater than 0.001 (0.0058 or 0.58%; Grpmax Filtering AF, 95% confidence) (SBS1). These codes lead to an Oncogenicity score of -5 (SBP1 [-1]; SBS1 [-4]). Therefore, FGFR3 L164V is classified as a Likely Benign according to the FGFR SC-VCEP Oncogenicity specifications.	303		2026-08-10 17:14:49 UTC	https://civicdb.org/links/assertions/303		https://civicdb.org/links/molecular_profiles/4611	false
FGFR3 T450M	4605	Cancer	162			Oncogenic	Supports	Benign			SBVS1,SBP1					FGFR3 T450M is classified as Benign according to the FGFR SC-VCEP Oncogenicity specifications.	The T450M variant has been reported in the literature (civic.eid:12595, civic.eid:12596) but no published functional data could be found, including in existing high throughput studies. T450M is absent in the cancerhotspots database and present at only a few counts in CBioPortal and Cosmic (in both cases not observed in urothelial cancers). The T450M variant has a score of 0.117 from the REVEL in silico prediction tool (SBP1). The c.1349C>T variant is present in the gnomAD database at a minor allele frequency of greater than 0.01 (0.01984 or 1.984%, Grpmax Filtering AF, 95% confidence) (SBVS1). These codes lead to an Oncogenicity score of -9 (SBP1 [-1]; SBVS1 [-8]. Therefore, FGFR3 T450M is classified as a Benign according to the FGFR SC-VCEP Oncogenicity specifications.	304	12595,12596	2026-08-10 20:00:27 UTC	https://civicdb.org/links/assertions/304	https://civicdb.org/links/evidence_items/12595,https://civicdb.org/links/evidence_items/12596	https://civicdb.org/links/molecular_profiles/4605	false
BRAF V600K	559	Melanoma	1909		Vemurafenib	Predictive	Supports	Sensitivity/Response		Tier I - Level A		Melanoma	1.2026	true	true	BRAF V600K-mutant melanoma is sensitive to vemurafenib.	Clinical evidence supports the predictive role of BRAF V600K for response to vemurafenib in melanoma. In the phase III BRIM-3 trial, patients with BRAF V600K metastatic melanoma treated with vemurafenib had significantly improved overall survival and progression-free survival compared with dacarbazine (civic.EID:1399). Phase II evidence also demonstrated responses to vemurafenib among patients with BRAF V600K metastatic melanoma (civic.EID:4177). Additional case reports describe clinical and radiological responses to vemurafenib, including responses in patients with cerebral metastases and a sustained complete radiological response (civic.EID:4179; civic.EID:1400). Preclinical studies further support the sensitivity of BRAF V600K-mutant melanoma cells to vemurafenib (civic.EID:4173). Collectively, these findings support the predictive role of BRAF V600K for sensitivity to vemurafenib in melanoma.	305	4179,1399,1400,4176,4173,4175,4174,4177,4180,1410,4178	2026-08-13 18:46:30 UTC	https://civicdb.org/links/assertions/305	https://civicdb.org/links/evidence_items/4179,https://civicdb.org/links/evidence_items/1399,https://civicdb.org/links/evidence_items/1400,https://civicdb.org/links/evidence_items/4176,https://civicdb.org/links/evidence_items/4173,https://civicdb.org/links/evidence_items/4175,https://civicdb.org/links/evidence_items/4174,https://civicdb.org/links/evidence_items/4177,https://civicdb.org/links/evidence_items/4180,https://civicdb.org/links/evidence_items/1410,https://civicdb.org/links/evidence_items/4178	https://civicdb.org/links/molecular_profiles/559	false
FGFR3 K650E	6022	Cancer	162			Oncogenic	Supports	Oncogenic			OS2,OP1,OP4,OM3,OM4					FGFR3 K650E is classified as Oncogenic according to the FGFR SC-VCEP Oncogenicity specifications.	In vitro and in vivo studies indicate that the K650E variant affects normal FGFR3 function in a manner consistent with oncogenic activation. Functional studies demonstrate substantially increased FGFR3 kinase activity and autophosphorylation compared with wild-type FGFR3, as well as increased cell proliferation and cellular transformation (civic.EID:10086, civic.EID:10393, civic.EID:12845). In vivo studies further demonstrate rapid transformation of hematopoietic cells and tumor formation in mice expressing K650E (civic.EID:10370) (OS2). The cBioPortal contains fewer than 50 samples with a somatic variant at this codon, with the K650E variant present in ten or more samples (OM3). The p.K650N variant, which affects the same codon as the p.K650E variant, has been determined to be Likely Oncogenic, indicating that the p.K650E variant also may be oncogenic (OM4). The p.K650E variant has a score of 0.837 from the REVEL in silico prediction tool (OP1). The FGFR3 c.1948A>G variant is absent in the gnomAD database (OP4). These codes lead to an Oncogenicity score of 10 (OS2 [4]; OM3 [2]; OM4 [2]; OP1 [1]; OP4 [1]). Therefore, the FGFR3 p.K650E variant is classified as Oncogenic according to the FGFR SC-VCEP Oncogenicity specifications.	306	10493,10381,10393,10376,10370,10653,10086,12889,10391,10383,12845	2026-08-20 21:41:40 UTC	https://civicdb.org/links/assertions/306	https://civicdb.org/links/evidence_items/10493,https://civicdb.org/links/evidence_items/10381,https://civicdb.org/links/evidence_items/10393,https://civicdb.org/links/evidence_items/10376,https://civicdb.org/links/evidence_items/10370,https://civicdb.org/links/evidence_items/10653,https://civicdb.org/links/evidence_items/10086,https://civicdb.org/links/evidence_items/12889,https://civicdb.org/links/evidence_items/10391,https://civicdb.org/links/evidence_items/10383,https://civicdb.org/links/evidence_items/12845	https://civicdb.org/links/molecular_profiles/6022	false
FGFR3 N540K	3561	Cancer	162			Oncogenic	Supports	Uncertain Significance			OS2,OP4					FGFR3 N540K is classified as Uncertain Significance according to the FGFR SC-VCEP Oncogenicity specifications.	In vitro studies indicate that the N540K variant affects normal FGFR3 function in a manner consistent with oncogenic activation. NIH3T3 colony formation assays demonstrate a transformed phenotype with increased colony formation and elevated phospho-ERK/ERK signaling compared to wild-type (civic.eid:12702), and saturation mutagenesis screening classified N540K as potentially activating based on increased growth factor-independent proliferation (civic.eid:12881). Functional studies show increased autophosphorylation and kinase activity compared to wild-type (civic.eid:10084, civic.eid:10389) (OS2). The N540K variant is absent from the cancerhotspots, CBioPortal and Cosmic databases and the REVEL score associated with this variant (0.693) does not meet the 0.7 threshold. Both c.1620C>G and c.1620C>A variants are absent in the gnomAD database or present at a minor allele frequency of less than 0.0001 (Grpmax Filtering AF, 95% confidence) (OP4). These codes lead to an Oncogenicity score of 5 (OS2 [4]; OP4 [1]). Therefore, FGFR3 N540K is classified as Uncertain Significance according to the FGFR SC-VCEP Oncogenicity specifications.	307	12702,12705,10389,12881,10084	2026-08-18 21:58:45 UTC	https://civicdb.org/links/assertions/307	https://civicdb.org/links/evidence_items/12702,https://civicdb.org/links/evidence_items/12705,https://civicdb.org/links/evidence_items/10389,https://civicdb.org/links/evidence_items/12881,https://civicdb.org/links/evidence_items/10084	https://civicdb.org/links/molecular_profiles/3561	false
FGFR3 K650N	3563	Cancer	162			Oncogenic	Supports	Likely Oncogenic			OS2,OP3,OP4,OM4					FGFR3 K650N is classified as Likely Oncogenic according to the FGFR SC-VCEP Oncogenicity specifications.	In vitro studies indicate that the K650N variant affects normal FGFR3 function in a manner consistent with oncogenic activation. Functional studies demonstrate increased FGFR3 kinase activity and autophosphorylation compared with wild-type FGFR3, as well as significantly increased cell proliferation and transforming activity (civic.EID:10087, civic.EID:12846, civic.EID:10377) (OS2). The p.K650N variant is present in the cancerhotspots dataset in fewer than 10 samples (OP3). The p.K650E variant, which affects the same codon as the p.K650N variant, has been determined to be Likely Oncogenic, indicating that the p.K650N variant also may be oncogenic (OM4). The FGFR3 c.1950G>C variant is absent in the gnomAD database (OP4). These codes lead to an Oncogenicity score of 8 (OS2 [4]; OM4 [2]; OP3 [1]; OP4 [1]). Therefore, the FGFR3 p.K650N variant is classified as Likely Oncogenic according to the FGFR SC-VCEP Oncogenicity specifications.	308	10087,12846,10377	2026-08-19 18:45:53 UTC	https://civicdb.org/links/assertions/308	https://civicdb.org/links/evidence_items/10087,https://civicdb.org/links/evidence_items/12846,https://civicdb.org/links/evidence_items/10377	https://civicdb.org/links/molecular_profiles/3563	false
FGFR3 G370C	2279	Cancer	162			Oncogenic	Supports	Likely Oncogenic			OS2,OP4,OM3					FGFR3 G370C is classified as Likely Oncogenic according to the FGFR SC-VCEP Oncogenicity specifications.	In vitro studies indicate that the G370C variant affects normal FGFR3 function in a manner consistent with oncogenic activation. Functional studies demonstrate ligand-independent FGFR3 dimerization, increased basal receptor phosphorylation, constitutive MAPK activation and c-fos transcriptional activity, as well as significantly increased cell proliferation and transforming activity compared with wild-type FGFR3 (civic.EID:13141, civic.EID:12843) (OS2). The cBioPortal contains fewer than 50 samples with a somatic variant at this codon, with the G370C variant present in ten or more samples (OM3). The FGFR3 c.1108G>T variant is absent in the gnomAD database (OP4). These codes lead to an Oncogenicity score of 7 (OS2 [4]; OM3 [2]; OP4 [1]). Therefore, the FGFR3 p.G370C variant is classified as Likely Oncogenic according to the FGFR SC-VCEP Oncogenicity specifications.	309	12843,13144,13143,13142,13141	2026-08-20 21:28:09 UTC	https://civicdb.org/links/assertions/309	https://civicdb.org/links/evidence_items/12843,https://civicdb.org/links/evidence_items/13144,https://civicdb.org/links/evidence_items/13143,https://civicdb.org/links/evidence_items/13142,https://civicdb.org/links/evidence_items/13141	https://civicdb.org/links/molecular_profiles/2279	false
